original_id,original_category,original_name,original_role,original_subtype,original_node_suggestion,original_priority,method_id,standard_name,aliases,category,role,product_form,mapping_status,merge_with_ids,node_ids,related_node_ids,algorithm_status,algorithm_evidence,node_status,kernel_ids,execution_status,parameter_status,report_status,ui_acceptance,action,batch,dependencies,next_step,clarifications,notes,review_date,source_revision
1,数据处理,标题处理,Transform,Data Preparation,Transform Node,P0,data.rename,标题处理,,数据处理,Transform,数据管理操作,有源码对应（范围见备注）,,yssbi.dataframe.rename,,部分实现（列重命名）,src-tauri/crates/yss-node-kernel/src/builtins/relational.rs,定义存在,yssbi.dataframe.rename,已注册（静态）,from/to 可追到关系 Rename,关系结果可分页；未执行 UI 验收,未执行,保留基础并整理/验收,B1,数据选择、类型与行域契约,按 OLS_SPEC.md 完成此项在首批中的范围，并使用现有证据核对输入、执行与报告。,标题处理是否只包括列重命名，还是还包括表头识别、合并行和批量规则？,已支持指定列重命名；表头识别和批量规则未核对。,2026-09-16,working-tree@ed2f321106433943f2eb1e9c0212de9c37d335ad
2,数据处理,数据标签,Transform,Data Preparation,Transform Node,P0,data.labels,数据标签,,数据处理,Transform,数据管理操作,初步映射（范围需细化）,,,,未定位（本轮检索）,,未发现对应内置节点,,无直接节点入口,未核对,未定位专用报告入口,未执行,新增（先确认算法与产品范围）,B3,数据选择、类型与行域契约,明确数据标签的输入设计、参数、输出与参考实现后开发。,区分变量标签、取值标签和图节点显示名；持久化位置需定义。,未定位仅表示本轮在宿主 SCI/Runtime/目录/执行及相关前端中未找到直接实现，不代表已证明缺失。,2026-09-16,ed2f321106433943f2eb1e9c0212de9c37d335ad
3,数据处理,数据编码,Transform,Data Preparation,Transform Node,P0,data.encode,数据编码,,数据处理,Transform,独立节点,有源码对应（范围见备注）,,,yssbi.data_series.convert.string_to_categorical;yssbi.data_series.convert.string_to_float64;yssbi.data_series.convert.string_to_int64;yssbi.data_series.convert.int64_to_string;yssbi.data_series.convert.float64_to_string;yssbi.data_series.convert.int64_to_float64;yssbi.data_series.convert.float64_to_int64;yssbi.data_series.convert.int64_to_bool;yssbi.data_series.convert.float64_to_bool;yssbi.data_series.convert.categorical_to_string;yssbi.data_series.convert.int64_to_categorical;yssbi.data_series.convert.categorical_to_int64;yssbi.data_series.convert.float64_to_categorical;yssbi.data_series.convert.categorical_to_float64,仅定义/相关基础,src-tauri/crates/yss-node-catalog/src/core_nodes/value.rs,未发现对应内置节点,,无直接节点；已有能力范围见备注,需核对传参与默认值,待设计,未执行,复用已有能力并补入口,B3,数据选择、类型与行域契约,复核备注中的实现范围，贯通参数与结果；按批次补接节点并运行验收。,区分类型转换、类别编码、标签编码和虚拟变量生成。,类型转换不等同完整分类编码；数列转换节点均未注册。,2026-09-16,ed2f321106433943f2eb1e9c0212de9c37d335ad
4,数据处理,生成变量,Transform,Data Preparation,Transform Node,P0,data.derive,生成变量,,数据处理,Transform,独立节点,有源码对应（范围见备注）,,yssbi.numeric.add;yssbi.numeric.subtract;yssbi.numeric.multiply;yssbi.numeric.divide,,部分实现（四则运算）,src-tauri/crates/yss-node-kernel/src/builtins/numeric.rs,定义存在,yssbi.numeric.add;yssbi.numeric.divide;yssbi.numeric.multiply;yssbi.numeric.subtract,已注册（静态）,形状、类型由语义快照解析,数列结果可查询（静态）,未执行,保留基础并整理/验收,B1,数据选择、类型与行域契约,按 OLS_SPEC.md 完成此项在首批中的范围，并使用现有证据核对输入、执行与报告。,首批仅复用明确的数列运算；表达式语言、条件生成和持久化列另定范围。,数列四则运算可生成派生值；未覆盖通用变量生成表达式或写入数据集。,2026-09-16,working-tree@ed2f321106433943f2eb1e9c0212de9c37d335ad
5,数据处理,无效样本,Transform,Data Preparation,Transform Node,P0,data.exclude_samples,无效样本,,数据处理,Transform,独立节点,有源码对应（范围见备注）,,yssbi.dataframe.filter.rows,,部分实现（按谓词筛选）,src-tauri/crates/yss-node-kernel/src/builtins/relational.rs,定义存在,yssbi.dataframe.filter.rows,已注册（静态）,谓词配置有后端校验,关系结果可分页（静态）,未执行,保留基础并整理/验收,B1,数据选择、类型与行域契约,按 OLS_SPEC.md 完成此项在首批中的范围，并使用现有证据核对输入、执行与报告。,需要明确无效样本判定规则及行级追踪。,已有行筛选；无效样本的业务判定需用户定义。,2026-09-16,working-tree@ed2f321106433943f2eb1e9c0212de9c37d335ad
6,数据处理,异常值（缺失）,Transform,Missing Data,Transform Node,P0,data.outliers_missing,异常值（缺失）,,数据处理,Transform,独立节点,有源码对应（范围见备注）,,,yssbi.dataframe.filter.rows,相关基础（缺失计数）,src-tauri/crates/yss-datafusion/src/profile.rs,未发现对应内置节点,,无直接节点；已有能力范围见备注,需核对传参与默认值,列画像可参考；专用分析待实现,未执行,复用已有能力并补入口,B3,数据选择、类型与行域契约,复核备注中的实现范围，贯通参数与结果；按批次补接节点并运行验收。,异常值与缺失值分别定义；现有 OLS 的拒绝策略不等同清洗方法。,列画像有缺失计数；异常识别、缺失模式联合分析和插补未定位直接实现。,2026-09-16,ed2f321106433943f2eb1e9c0212de9c37d335ad
7,数据处理,数据探索,Transform,Data Preparation,Transform Node,P0,data.explore,数据探索,,数据处理,Transform,工作流模板,有源码对应（范围见备注）,,,yssbi.debug.view,部分实现（画像/查看）,src-tauri/crates/yss-datafusion/src/profile.rs;src-tauri/crates/yss-application/src/chart/projection.rs,未发现对应内置节点,,无直接节点；已有能力范围见备注,需核对传参与默认值,已有多个分散的查看入口,未执行,复用已有能力并补入口,B3,数据选择、类型与行域契约,复核备注中的实现范围，贯通参数与结果；按批次补接节点并运行验收。,,可复用数据画像、查看和图表资源；探索流程模板尚未定义。,2026-09-16,ed2f321106433943f2eb1e9c0212de9c37d335ad
8,描述统计,频数,Estimator,Descriptive Statistic,Analysis Node,P0,descriptive.frequency,频数,,描述统计,Estimator,独立节点,有源码对应（范围见备注）,,,yssbi.dataframe.series.count;yssbi.dataframe.series.mean,部分实现（列画像）,src-tauri/crates/yss-datafusion/src/profile.rs,未发现对应内置节点,,无直接节点；已有能力范围见备注,需核对传参与默认值,列画像入口存在；专用统计报告待设计,未执行,复用已有能力并补入口,B3,数据处理与统计结果表,复核备注中的实现范围，贯通参数与结果；按批次补接节点并运行验收。,列画像中的类别计数有上限；完整频数表需要单独定义分页与分组。,DataFusion 列画像已有类别计数与均值等；完整频数/描述统计节点尚未定义，不能用列统计 DTO 代替执行证据。,2026-09-16,ed2f321106433943f2eb1e9c0212de9c37d335ad
9,描述统计,分类汇总,Transform,Data Preparation,Transform Node,P0,descriptive.group_summary,分类汇总,,描述统计,Transform,独立节点,初步映射（范围需细化）,,,,未定位（本轮检索）,,未发现对应内置节点,,无直接节点入口,未核对,未定位专用报告入口,未执行,新增（先确认算法与产品范围）,B3,数据处理与统计结果表,明确分类汇总的输入设计、参数、输出与参考实现后开发。,分类汇总的分组键、聚合函数和输出结构需明确。,未定位仅表示本轮在宿主 SCI/Runtime/目录/执行及相关前端中未找到直接实现，不代表已证明缺失。,2026-09-16,ed2f321106433943f2eb1e9c0212de9c37d335ad
10,描述统计,描述,Estimator,Descriptive Statistic,Analysis Node,P0,descriptive.summary,描述,,描述统计,Estimator,独立节点,有源码对应（范围见备注）,,,yssbi.dataframe.series.count;yssbi.dataframe.series.mean,部分实现（列画像）,src-tauri/crates/yss-datafusion/src/profile.rs,未发现对应内置节点,,无直接节点；已有能力范围见备注,需核对传参与默认值,列画像入口存在；专用统计报告待设计,未执行,复用已有能力并补入口,B3,数据处理与统计结果表,复核备注中的实现范围，贯通参数与结果；按批次补接节点并运行验收。,,DataFusion 列画像已有类别计数与均值等；完整频数/描述统计节点尚未定义，不能用列统计 DTO 代替执行证据。,2026-09-16,ed2f321106433943f2eb1e9c0212de9c37d335ad
11,描述统计,基线分析,Estimator,Descriptive Statistic,Analysis Node,P0,descriptive.baseline,基线分析,,描述统计,Estimator,工作流模板,初步映射（范围需细化）,,,,未定位（本轮检索）,,未发现对应内置节点,,无直接节点入口,未核对,未定位专用报告入口,未执行,明确产品形态后复用/新增,B3,数据处理与统计结果表,明确基线分析的输入设计、参数、输出与参考实现后开发。,基线表的分组、变量摘要和检验选择需明确。,未定位仅表示本轮在宿主 SCI/Runtime/目录/执行及相关前端中未找到直接实现，不代表已证明缺失。,2026-09-16,ed2f321106433943f2eb1e9c0212de9c37d335ad
12,假设检验,正态性检验,Test,Assumption/Specification Test,Test Node,P0,test.normality,正态性检验,,假设检验,Test,独立节点,有源码对应（范围见备注）,,,yssbi.statistics.ols.fit;yssbi.statistics.ols.summary,部分实现（残差检验）,src-tauri/crates/yss-sci/src/regression/diagnostics/normality.rs:89,未发现对应内置节点,,无直接节点；已有能力范围见备注,需核对传参与默认值,旧诊断展示可参考；当前 OLS 查询未暴露本项,未执行,复用已有能力并补入口,B3,样本设计、假设与检验结果契约,复核备注中的实现范围，贯通参数与结果；按批次补接节点并运行验收。,已定位 Jarque–Bera/Omnibus 残差检验；Shapiro–Wilk 等不能据此计为实现。,残差 Jarque–Bera/Omnibus 已有算法；当前 OLS 查询没有通用正态性检验入口。,2026-09-16,ed2f321106433943f2eb1e9c0212de9c37d335ad
13,假设检验,独立t检验,Test,Hypothesis Test,Test Node,P0,test.t.independent,独立t检验,,假设检验,Test,独立节点,初步映射（范围需细化）,,,,未定位（本轮检索）,,未发现对应内置节点,,无直接节点入口,未核对,未定位专用报告入口,未执行,新增（先确认算法与产品范围）,B3,样本设计、假设与检验结果契约,新建对应样本设计与检验入口；回归约束 t 检验只作为参考工具，不计为本方法实现。,选择等方差/Welch、单双侧与缺失策略；已有回归系数 t 检验不是独立样本 t 检验。,未定位仅表示本轮在宿主 SCI/Runtime/目录/执行及相关前端中未找到直接实现，不代表已证明缺失。,2026-09-16,ed2f321106433943f2eb1e9c0212de9c37d335ad
14,假设检验,单样本t检验,Test,Hypothesis Test,Test Node,P0,test.t.one_sample,单样本t检验,,假设检验,Test,独立节点,初步映射（范围需细化）,,,,未定位（本轮检索）,,未发现对应内置节点,,无直接节点入口,未核对,未定位专用报告入口,未执行,新增（先确认算法与产品范围）,B3,样本设计、假设与检验结果契约,新建对应样本设计与检验入口；回归约束 t 检验只作为参考工具，不计为本方法实现。,单样本均值检验与回归系数约束检验输入不同。,未定位仅表示本轮在宿主 SCI/Runtime/目录/执行及相关前端中未找到直接实现，不代表已证明缺失。,2026-09-16,ed2f321106433943f2eb1e9c0212de9c37d335ad
15,假设检验,配对t检验,Test,Hypothesis Test,Test Node,P0,test.t.paired,配对t检验,,假设检验,Test,独立节点,初步映射（范围需细化）,,,,未定位（本轮检索）,,未发现对应内置节点,,无直接节点入口,未核对,未定位专用报告入口,未执行,新增（先确认算法与产品范围）,B3,样本设计、假设与检验结果契约,新建对应样本设计与检验入口；回归约束 t 检验只作为参考工具，不计为本方法实现。,配对规则、共同缺失剔除和差值方向需明确。,未定位仅表示本轮在宿主 SCI/Runtime/目录/执行及相关前端中未找到直接实现，不代表已证明缺失。,2026-09-16,ed2f321106433943f2eb1e9c0212de9c37d335ad
16,假设检验,概要t检验,Test,Hypothesis Test,Test Node,P0,test.t.summary_input,概要t检验,,假设检验,Test,独立节点,初步映射（范围需细化）,,,,未定位（本轮检索）,,未发现对应内置节点,,无直接节点入口,未核对,未定位专用报告入口,未执行,新增（先确认算法与产品范围）,B3,样本设计、假设与检验结果契约,新建对应样本设计与检验入口；回归约束 t 检验只作为参考工具，不计为本方法实现。,概要统计输入须明确样本量、均值、标准差及独立/配对设计。,未定位仅表示本轮在宿主 SCI/Runtime/目录/执行及相关前端中未找到直接实现，不代表已证明缺失。,2026-09-16,ed2f321106433943f2eb1e9c0212de9c37d335ad
17,假设检验,均值z检验,Test,Categorical/Proportion Test,Test Node,P0,test.z.mean,均值z检验,,假设检验,Test,独立节点,初步归类,,,,未定位（本轮检索）,,未发现对应内置节点,,无直接节点入口,未核对,未定位专用报告入口,未执行,新增（先确认算法与产品范围）,B3,样本设计、假设与检验结果契约,明确均值z检验的输入设计、参数、输出与参考实现后开发。,,未定位仅表示本轮在宿主 SCI/Runtime/目录/执行及相关前端中未找到直接实现，不代表已证明缺失。,2026-09-16,ed2f321106433943f2eb1e9c0212de9c37d335ad
18,假设检验,比率z检验,Test,Categorical/Proportion Test,Test Node,P0,test.z.proportion,比率z检验,,假设检验,Test,独立节点,初步映射（范围需细化）,,,,未定位（本轮检索）,,未发现对应内置节点,,无直接节点入口,未核对,未定位专用报告入口,未执行,新增（先确认算法与产品范围）,B3,样本设计、假设与检验结果契约,明确比率z检验的输入设计、参数、输出与参考实现后开发。,原名比率是否指二项比例；与两比例检验确认关系。,未定位仅表示本轮在宿主 SCI/Runtime/目录/执行及相关前端中未找到直接实现，不代表已证明缺失。,2026-09-16,ed2f321106433943f2eb1e9c0212de9c37d335ad
19,假设检验,交叉（卡方）,Test,Categorical/Proportion Test,Test Node,P0,test.chisquare.crosstab,交叉（卡方）,,假设检验,Test,独立节点,初步映射（范围需细化）,,,,未定位（本轮检索）,,未发现对应内置节点,,无直接节点入口,未核对,未定位专用报告入口,未执行,新增（先确认算法与产品范围）,B3,样本设计、假设与检验结果契约,明确交叉（卡方）的输入设计、参数、输出与参考实现后开发。,与 20 的范围可能重叠；明确列联表构建与独立性检验。,未定位仅表示本轮在宿主 SCI/Runtime/目录/执行及相关前端中未找到直接实现，不代表已证明缺失。,2026-09-16,ed2f321106433943f2eb1e9c0212de9c37d335ad
20,假设检验,卡方检验,Test,Categorical/Proportion Test,Test Node,P0,test.chisquare.general,卡方检验,,假设检验,Test,独立节点,初步映射（范围需细化）,,,,未定位（本轮检索）,,未发现对应内置节点,,无直接节点入口,未核对,未定位专用报告入口,未执行,新增（先确认算法与产品范围）,B3,样本设计、假设与检验结果契约,明确卡方检验的输入设计、参数、输出与参考实现后开发。,明确独立性/同质性/拟合优度子类型，再决定与 19/24 的关系。,未定位仅表示本轮在宿主 SCI/Runtime/目录/执行及相关前端中未找到直接实现，不代表已证明缺失。,2026-09-16,ed2f321106433943f2eb1e9c0212de9c37d335ad
21,假设检验,配对卡方,Test,Categorical/Proportion Test,Test Node,P0,test.mcnemar,配对卡方,,假设检验,Test,独立节点,初步映射（范围需细化）,,,,未定位（本轮检索）,,未发现对应内置节点,,无直接节点入口,未核对,未定位专用报告入口,未执行,新增（先确认算法与产品范围）,B3,样本设计、假设与检验结果契约,明确配对卡方的输入设计、参数、输出与参考实现后开发。,确认是否指 McNemar 及其精确版本。,未定位仅表示本轮在宿主 SCI/Runtime/目录/执行及相关前端中未找到直接实现，不代表已证明缺失。,2026-09-16,ed2f321106433943f2eb1e9c0212de9c37d335ad
22,假设检验,分层卡方,Test,Categorical/Proportion Test,Test Node,P0,test.cmh,分层卡方,,假设检验,Test,独立节点,初步映射（范围需细化）,,,,未定位（本轮检索）,,未发现对应内置节点,,无直接节点入口,未核对,未定位专用报告入口,未执行,新增（先确认算法与产品范围）,B3,样本设计、假设与检验结果契约,明确分层卡方的输入设计、参数、输出与参考实现后开发。,确认是否指 Cochran–Mantel–Haenszel 分层列联表检验。,未定位仅表示本轮在宿主 SCI/Runtime/目录/执行及相关前端中未找到直接实现，不代表已证明缺失。,2026-09-16,ed2f321106433943f2eb1e9c0212de9c37d335ad
23,假设检验,Fisher卡方,Test,Categorical/Proportion Test,Test Node,P0,test.fisher_exact,Fisher卡方,,假设检验,Test,独立节点,初步映射（范围需细化）,,,,未定位（本轮检索）,,未发现对应内置节点,,无直接节点入口,未核对,未定位专用报告入口,未执行,新增（先确认算法与产品范围）,B3,样本设计、假设与检验结果契约,明确Fisher卡方的输入设计、参数、输出与参考实现后开发。,名称建议改为 Fisher 精确检验；确认列联表维数及精确/模拟计算。,未定位仅表示本轮在宿主 SCI/Runtime/目录/执行及相关前端中未找到直接实现，不代表已证明缺失。,2026-09-16,ed2f321106433943f2eb1e9c0212de9c37d335ad
24,假设检验,卡方拟合优度,Test,Categorical/Proportion Test,Test Node,P0,test.chisquare.goodness_of_fit,卡方拟合优度,,假设检验,Test,独立节点,初步归类,,,,未定位（本轮检索）,,未发现对应内置节点,,无直接节点入口,未核对,未定位专用报告入口,未执行,新增（先确认算法与产品范围）,B3,样本设计、假设与检验结果契约,明确卡方拟合优度的输入设计、参数、输出与参考实现后开发。,,未定位仅表示本轮在宿主 SCI/Runtime/目录/执行及相关前端中未找到直接实现，不代表已证明缺失。,2026-09-16,ed2f321106433943f2eb1e9c0212de9c37d335ad
25,假设检验,Poisson检验,Test,Hypothesis Test,Test Node,P0,test.poisson,Poisson检验,,假设检验,Test,独立节点,初步归类,,,,未定位（本轮检索）,,未发现对应内置节点,,无直接节点入口,未核对,未定位专用报告入口,未执行,新增（先确认算法与产品范围）,B3,样本设计、假设与检验结果契约,明确Poisson检验的输入设计、参数、输出与参考实现后开发。,,概率分布采样节点不等同对应检验、回归或生存模型；本轮未定位直接实现。,2026-09-16,ed2f321106433943f2eb1e9c0212de9c37d335ad
26,假设检验,Kappa,Test,Hypothesis Test,Test Node,P0,test.kappa,Kappa,,假设检验,Test,独立节点,初步映射（范围需细化）,,,,未定位（本轮检索）,,未发现对应内置节点,,无直接节点入口,未核对,未定位专用报告入口,未执行,新增（先确认算法与产品范围）,B3,样本设计、假设与检验结果契约,明确Kappa的输入设计、参数、输出与参考实现后开发。,确认 Cohen/加权/多评定者 Kappa；不要与 ICC 混用。,未定位仅表示本轮在宿主 SCI/Runtime/目录/执行及相关前端中未找到直接实现，不代表已证明缺失。,2026-09-16,ed2f321106433943f2eb1e9c0212de9c37d335ad
27,假设检验,等价检验,Test,Hypothesis Test,Test Node,P0,test.equivalence,等价检验,,假设检验,Test,独立节点,初步映射（范围需细化）,,,,未定位（本轮检索）,,未发现对应内置节点,,无直接节点入口,未核对,未定位专用报告入口,未执行,新增（先确认算法与产品范围）,B3,样本设计、假设与检验结果契约,明确等价检验的输入设计、参数、输出与参考实现后开发。,与 355 是检验和样本量两个不同功能；明确等效界值与设计。,未定位仅表示本轮在宿主 SCI/Runtime/目录/执行及相关前端中未找到直接实现，不代表已证明缺失。,2026-09-16,ed2f321106433943f2eb1e9c0212de9c37d335ad
28,相关分析,相关,Estimator,Association Measure,Analysis Node,P0,association.pearson,相关,,相关分析,Estimator,独立节点,有源码对应（范围见备注）,,yssbi.plot.correlation.view,,仅相关图形定义（统计能力待核对）,,定义存在,yssbi.plot.correlation.view,未注册,需核对传参与默认值,相关图形组件存在；生产计算未确认,未执行,补接/重构,B3,共同样本行域与相关矩阵结果,明确相关的输入设计、参数、输出与参考实现后开发。,原名相关需确认默认 Pearson 及类型支持；Spearman/Kendall 保留独立方法。,只确认相关图节点定义，未定位通用 Pearson 计算入口；相关分析和绘图需要分开。,2026-09-16,ed2f321106433943f2eb1e9c0212de9c37d335ad
29,相关分析,偏相关,Estimator,Association Measure,Analysis Node,P0,association.partial,偏相关,,相关分析,Estimator,独立节点,初步归类,,,,未定位（本轮检索）,,未发现对应内置节点,,无直接节点入口,未核对,未定位专用报告入口,未执行,新增（先确认算法与产品范围）,B3,共同样本行域与相关矩阵结果,明确偏相关的输入设计、参数、输出与参考实现后开发。,,未定位仅表示本轮在宿主 SCI/Runtime/目录/执行及相关前端中未找到直接实现，不代表已证明缺失。,2026-09-16,ed2f321106433943f2eb1e9c0212de9c37d335ad
30,相关分析,典型相关,Estimator,Association Measure,Analysis Node,P0,association.canonical,典型相关,,相关分析,Estimator,独立节点,初步归类,,,,未定位（本轮检索）,,未发现对应内置节点,,无直接节点入口,未核对,未定位专用报告入口,未执行,新增（先确认算法与产品范围）,B3,共同样本行域与相关矩阵结果,明确典型相关的输入设计、参数、输出与参考实现后开发。,,未定位仅表示本轮在宿主 SCI/Runtime/目录/执行及相关前端中未找到直接实现，不代表已证明缺失。,2026-09-16,ed2f321106433943f2eb1e9c0212de9c37d335ad
31,相关分析,ICC组内相关系数,Estimator,Association Measure,Analysis Node,P0,association.icc,ICC组内相关系数,,相关分析,Estimator,独立节点,初步映射（范围需细化）,,,,未定位（本轮检索）,,未发现对应内置节点,,无直接节点入口,未核对,未定位专用报告入口,未执行,新增（先确认算法与产品范围）,B3,共同样本行域与相关矩阵结果,明确ICC组内相关系数的输入设计、参数、输出与参考实现后开发。,确认 ICC 模型、单次/平均测量与一致性/绝对一致性定义。,未定位仅表示本轮在宿主 SCI/Runtime/目录/执行及相关前端中未找到直接实现，不代表已证明缺失。,2026-09-16,ed2f321106433943f2eb1e9c0212de9c37d335ad
32,相关分析,Bland-Altman,Estimator,Association Measure,Analysis Node,P0,association.bland_altman,Bland-Altman,,相关分析,Estimator,独立节点,初步归类,,,,未定位（本轮检索）,,未发现对应内置节点,,无直接节点入口,未核对,未定位专用报告入口,未执行,新增（先确认算法与产品范围）,B3,共同样本行域与相关矩阵结果,明确Bland-Altman的输入设计、参数、输出与参考实现后开发。,,未定位仅表示本轮在宿主 SCI/Runtime/目录/执行及相关前端中未找到直接实现，不代表已证明缺失。,2026-09-16,ed2f321106433943f2eb1e9c0212de9c37d335ad
33,回归模型,线性回归,Estimator,Regression Estimator,Model Node,P0,regression.ols,普通最小二乘回归（OLS）,线性回归;OLS;ordinary least squares,回归模型,Estimator,独立节点,有源码对应（范围见备注）,34,yssbi.statistics.ols.fit;yssbi.statistics.ols.summary,,实现存在（静态）,src-tauri/crates/yss-sci/src/regression/linear_model/ols/fit.rs:15;src-tauri/crates/yss-node-kernel/src/builtins/statistics.rs,定义存在,yssbi.statistics.ols.fit;yssbi.statistics.ols.summary,已注册（静态）,已贯通（静态）；Newey lag=0 的目录约束需修正,原生 OLS 报告/分页/分析查询存在；人工验收未执行,未执行,整理关联/候选合并;保留基础并整理/验收,B1,模型设计、拟合结果与推断契约,按 OLS_SPEC.md 完成此项在首批中的范围，并使用现有证据核对输入、执行与报告。,暂按 OLS 别名处理；若原需求包含其他线性模型，应保留方法族入口。,当前 Fit 与 Summary 各自拟合；首批改为 Fit 持有原生结果、Summary 消费 model。,2026-09-16,working-tree@ed2f321106433943f2eb1e9c0212de9c37d335ad
34,回归模型,OLS回归,Estimator,Regression Estimator,Model Node,P0,regression.ols,普通最小二乘回归（OLS）,线性回归;OLS;ordinary least squares,回归模型,Estimator,独立节点,有源码对应（范围见备注）,33,yssbi.statistics.ols.fit;yssbi.statistics.ols.summary,,实现存在（静态）,src-tauri/crates/yss-sci/src/regression/linear_model/ols/fit.rs:15;src-tauri/crates/yss-node-kernel/src/builtins/statistics.rs,定义存在,yssbi.statistics.ols.fit;yssbi.statistics.ols.summary,已注册（静态）,已贯通（静态）；Newey lag=0 的目录约束需修正,原生 OLS 报告/分页/分析查询存在；人工验收未执行,未执行,整理关联/候选合并;保留基础并整理/验收,B1,模型设计、拟合结果与推断契约,按 OLS_SPEC.md 完成此项在首批中的范围，并使用现有证据核对输入、执行与报告。,,当前 Fit 与 Summary 各自拟合；首批改为 Fit 持有原生结果、Summary 消费 model。,2026-09-16,working-tree@ed2f321106433943f2eb1e9c0212de9c37d335ad
35,回归模型,Robust回归,Estimator,Regression Estimator,Model Node,P0,regression.robust,Robust回归,,回归模型,Estimator,独立节点,有源码对应（范围见备注）,,,yssbi.statistics.ols.fit;yssbi.statistics.ols.summary,相关实现（稳健标准误）,src-tauri/crates/yss-sci/src/regression/covariance.rs,未发现对应内置节点,,无直接节点；已有能力范围见备注,需核对传参与默认值,需先确定方法含义,未执行,复用已有能力并补入口,B5,模型设计、拟合结果与推断契约,复核备注中的实现范围，贯通参数与结果；按批次补接节点并运行验收。,稳健回归估计器与 HC/Cluster 稳健标准误必须分开。,HC 等稳健标准误存在；Robust 回归若指稳健估计器，不能算已实现。,2026-09-16,ed2f321106433943f2eb1e9c0212de9c37d335ad
36,回归模型,分层回归,Estimator,Regression Estimator,Model Node,P0,regression.hierarchical,分层回归,,回归模型,Estimator,工作流模板,初步映射（范围需细化）,,,,未定位（本轮检索）,,未发现对应内置节点,,无直接节点入口,未核对,未定位专用报告入口,未执行,明确产品形态后复用/新增,B5,模型设计、拟合结果与推断契约,明确分层回归的输入设计、参数、输出与参考实现后开发。,确认分块进入变量的层次回归还是多层模型，后者关联 99/263。,未定位仅表示本轮在宿主 SCI/Runtime/目录/执行及相关前端中未找到直接实现，不代表已证明缺失。,2026-09-16,ed2f321106433943f2eb1e9c0212de9c37d335ad
37,回归模型,逐步回归,Estimator,Regression Estimator,Model Node,P0,regression.stepwise,逐步回归,,回归模型,Estimator,工作流模板,初步映射（范围需细化）,,,,未定位（本轮检索）,,未发现对应内置节点,,无直接节点入口,未核对,未定位专用报告入口,未执行,明确产品形态后复用/新增,B5,模型设计、拟合结果与推断契约,明确逐步回归的输入设计、参数、输出与参考实现后开发。,先规定进入/剔除准则及选择过程的报告方式。,未定位仅表示本轮在宿主 SCI/Runtime/目录/执行及相关前端中未找到直接实现，不代表已证明缺失。,2026-09-16,ed2f321106433943f2eb1e9c0212de9c37d335ad
38,回归模型,曲线回归,Estimator,Regression Estimator,Model Node,P0,regression.curve,曲线回归,,回归模型,Estimator,独立节点,初步映射（范围需细化）,,,,未定位（本轮检索）,,未发现对应内置节点,,无直接节点入口,未核对,未定位专用报告入口,未执行,新增（先确认算法与产品范围）,B5,模型设计、拟合结果与推断契约,明确曲线回归的输入设计、参数、输出与参考实现后开发。,明确多项式/函数变换/非线性候选族，与 39 区分。,未定位仅表示本轮在宿主 SCI/Runtime/目录/执行及相关前端中未找到直接实现，不代表已证明缺失。,2026-09-16,ed2f321106433943f2eb1e9c0212de9c37d335ad
39,回归模型,非线性回归,Estimator,Regression Estimator,Model Node,P0,regression.nonlinear,非线性回归,,回归模型,Estimator,独立节点,初步映射（范围需细化）,,,,未定位（本轮检索）,,未发现对应内置节点,,无直接节点入口,未核对,未定位专用报告入口,未执行,新增（先确认算法与产品范围）,B5,模型设计、拟合结果与推断契约,明确非线性回归的输入设计、参数、输出与参考实现后开发。,明确模型函数与求解器范围；与 40 的关系待确认。,未定位仅表示本轮在宿主 SCI/Runtime/目录/执行及相关前端中未找到直接实现，不代表已证明缺失。,2026-09-16,ed2f321106433943f2eb1e9c0212de9c37d335ad
40,回归模型,非线性回归（自定义公式）,Estimator,Regression Estimator,Model Node,P0,regression.nonlinear_formula,非线性回归（自定义公式）,,回归模型,Estimator,独立节点,初步映射（范围需细化）,,,,未定位（本轮检索）,,未发现对应内置节点,,无直接节点入口,未核对,未定位专用报告入口,未执行,新增（先确认算法与产品范围）,B5,模型设计、拟合结果与推断契约,明确非线性回归（自定义公式）的输入设计、参数、输出与参考实现后开发。,自定义公式涉及表达式、初始值、约束与收敛诊断。,未定位仅表示本轮在宿主 SCI/Runtime/目录/执行及相关前端中未找到直接实现，不代表已证明缺失。,2026-09-16,ed2f321106433943f2eb1e9c0212de9c37d335ad
41,回归模型,岭回归,Estimator,Regression Estimator,Model Node,P0,regression.ridge,岭回归,,回归模型,Estimator,独立节点,初步归类,,,,未定位（本轮检索）,,未发现对应内置节点,,无直接节点入口,未核对,未定位专用报告入口,未执行,新增（先确认算法与产品范围）,B5,模型设计、拟合结果与推断契约,明确岭回归的输入设计、参数、输出与参考实现后开发。,,未定位仅表示本轮在宿主 SCI/Runtime/目录/执行及相关前端中未找到直接实现，不代表已证明缺失。,2026-09-16,ed2f321106433943f2eb1e9c0212de9c37d335ad
42,回归模型,Lasso回归,Estimator,Regression Estimator,Model Node,P0,regression.lasso,Lasso回归,,回归模型,Estimator,独立节点,初步归类,,,,未定位（本轮检索）,,未发现对应内置节点,,无直接节点入口,未核对,未定位专用报告入口,未执行,新增（先确认算法与产品范围）,B5,模型设计、拟合结果与推断契约,明确Lasso回归的输入设计、参数、输出与参考实现后开发。,,未定位仅表示本轮在宿主 SCI/Runtime/目录/执行及相关前端中未找到直接实现，不代表已证明缺失。,2026-09-16,ed2f321106433943f2eb1e9c0212de9c37d335ad
43,回归模型,PLS回归,Estimator,Regression Estimator,Model Node,P0,regression.pls,PLS回归,,回归模型,Estimator,独立节点,初步归类,,,,未定位（本轮检索）,,未发现对应内置节点,,无直接节点入口,未核对,未定位专用报告入口,未执行,新增（先确认算法与产品范围）,B5,模型设计、拟合结果与推断契约,明确PLS回归的输入设计、参数、输出与参考实现后开发。,,未定位仅表示本轮在宿主 SCI/Runtime/目录/执行及相关前端中未找到直接实现，不代表已证明缺失。,2026-09-16,ed2f321106433943f2eb1e9c0212de9c37d335ad
44,回归模型,二元Logit,Estimator,Regression Estimator,Model Node,P0,regression.logit.binary,二元 Logistic 回归（Logit）,二元Logit;Logistic;logit,回归模型,Estimator,独立节点,有源码对应（范围见备注）,47,yssbi.statistics.logit.fit;yssbi.statistics.logit.summary,,实现存在（静态）,src-tauri/crates/yss-sci/src/regression/discrete/logit.rs;src-tauri/crates/yss-sci-runtime/src/regression/mod.rs,定义存在,yssbi.statistics.logit.fit;yssbi.statistics.logit.summary,未注册,需核对传参与默认值,报告定义/组件存在；执行待接入,未执行,整理关联/候选合并;补接/重构,B2,模型设计、拟合结果与推断契约,复核备注中的实现范围，贯通参数与结果；按批次补接节点并运行验收。,,算法已定位；目录端口、通用 fit 的默认配置与目标参数需一并贯通。,2026-09-16,ed2f321106433943f2eb1e9c0212de9c37d335ad
45,回归模型,多分类Logit,Estimator,Regression Estimator,Model Node,P0,regression.logit.multinomial,多分类Logit,,回归模型,Estimator,独立节点,初步归类,,,,未定位（本轮检索）,,未发现对应内置节点,,无直接节点入口,未核对,未定位专用报告入口,未执行,新增（先确认算法与产品范围）,B5,模型设计、拟合结果与推断契约,明确多分类Logit的输入设计、参数、输出与参考实现后开发。,,未定位仅表示本轮在宿主 SCI/Runtime/目录/执行及相关前端中未找到直接实现，不代表已证明缺失。,2026-09-16,ed2f321106433943f2eb1e9c0212de9c37d335ad
46,回归模型,有序Logit,Estimator,Regression Estimator,Model Node,P0,regression.logit.ordinal,有序Logit,,回归模型,Estimator,独立节点,初步归类,,,,未定位（本轮检索）,,未发现对应内置节点,,无直接节点入口,未核对,未定位专用报告入口,未执行,新增（先确认算法与产品范围）,B5,模型设计、拟合结果与推断契约,明确有序Logit的输入设计、参数、输出与参考实现后开发。,,未定位仅表示本轮在宿主 SCI/Runtime/目录/执行及相关前端中未找到直接实现，不代表已证明缺失。,2026-09-16,ed2f321106433943f2eb1e9c0212de9c37d335ad
47,回归模型,Logistic回归,Estimator,Regression Estimator,Model Node,P0,regression.logit.binary,二元 Logistic 回归（Logit）,二元Logit;Logistic;logit,回归模型,Estimator,独立节点,有源码对应（范围见备注）,44,yssbi.statistics.logit.fit;yssbi.statistics.logit.summary,,实现存在（静态）,src-tauri/crates/yss-sci/src/regression/discrete/logit.rs;src-tauri/crates/yss-sci-runtime/src/regression/mod.rs,定义存在,yssbi.statistics.logit.fit;yssbi.statistics.logit.summary,未注册,需核对传参与默认值,报告定义/组件存在；执行待接入,未执行,整理关联/候选合并;补接/重构,B2,模型设计、拟合结果与推断契约,复核备注中的实现范围，贯通参数与结果；按批次补接节点并运行验收。,暂按二元 Logit 别名；多分类和有序模型分别使用 45/46。,算法已定位；目录端口、通用 fit 的默认配置与目标参数需一并贯通。,2026-09-16,ed2f321106433943f2eb1e9c0212de9c37d335ad
48,回归模型,Firth惩罚Logit回归,Estimator,Regression Estimator,Model Node,P0,regression.logit.firth,Firth惩罚Logit回归,,回归模型,Estimator,独立节点,初步归类,,,,未定位（本轮检索）,,未发现对应内置节点,,无直接节点入口,未核对,未定位专用报告入口,未执行,新增（先确认算法与产品范围）,B5,模型设计、拟合结果与推断契约,明确Firth惩罚Logit回归的输入设计、参数、输出与参考实现后开发。,,未定位仅表示本轮在宿主 SCI/Runtime/目录/执行及相关前端中未找到直接实现，不代表已证明缺失。,2026-09-16,ed2f321106433943f2eb1e9c0212de9c37d335ad
49,回归模型,二元Probit,Estimator,Regression Estimator,Model Node,P0,regression.probit.binary,二元 Probit 回归,,回归模型,Estimator,独立节点,有源码对应（范围见备注）,,yssbi.statistics.probit.fit;yssbi.statistics.probit.summary,,实现存在（静态）,src-tauri/crates/yss-sci/src/regression/discrete/probit.rs;src-tauri/crates/yss-sci-runtime/src/regression/mod.rs,定义存在,yssbi.statistics.probit.fit;yssbi.statistics.probit.summary,未注册,需核对传参与默认值,报告定义/组件存在；执行待接入,未执行,补接/重构,B2,模型设计、拟合结果与推断契约,复核备注中的实现范围，贯通参数与结果；按批次补接节点并运行验收。,,算法已定位；目录端口、通用 fit 的默认配置与目标参数需一并贯通。,2026-09-16,ed2f321106433943f2eb1e9c0212de9c37d335ad
50,回归模型,Poisson回归,Estimator,Regression Estimator,Model Node,P0,regression.poisson,Poisson回归,,回归模型,Estimator,独立节点,初步归类,,,,未定位（本轮检索）,,未发现对应内置节点,,无直接节点入口,未核对,未定位专用报告入口,未执行,新增（先确认算法与产品范围）,B5,模型设计、拟合结果与推断契约,明确Poisson回归的输入设计、参数、输出与参考实现后开发。,,概率分布采样节点不等同对应检验、回归或生存模型；本轮未定位直接实现。,2026-09-16,ed2f321106433943f2eb1e9c0212de9c37d335ad
51,回归模型,负二项回归,Estimator,Regression Estimator,Model Node,P0,regression.negative_binomial,负二项回归,,回归模型,Estimator,独立节点,初步归类,,,,未定位（本轮检索）,,未发现对应内置节点,,无直接节点入口,未核对,未定位专用报告入口,未执行,新增（先确认算法与产品范围）,B5,模型设计、拟合结果与推断契约,明确负二项回归的输入设计、参数、输出与参考实现后开发。,,概率分布采样节点不等同对应检验、回归或生存模型；本轮未定位直接实现。,2026-09-16,ed2f321106433943f2eb1e9c0212de9c37d335ad
52,回归模型,零膨胀泊松回归,Estimator,Regression Estimator,Model Node,P0,regression.zero_inflated_poisson,零膨胀泊松回归,,回归模型,Estimator,独立节点,初步归类,,,,未定位（本轮检索）,,未发现对应内置节点,,无直接节点入口,未核对,未定位专用报告入口,未执行,新增（先确认算法与产品范围）,B5,模型设计、拟合结果与推断契约,明确零膨胀泊松回归的输入设计、参数、输出与参考实现后开发。,,未定位仅表示本轮在宿主 SCI/Runtime/目录/执行及相关前端中未找到直接实现，不代表已证明缺失。,2026-09-16,ed2f321106433943f2eb1e9c0212de9c37d335ad
53,回归模型,零膨胀负二项回归,Estimator,Regression Estimator,Model Node,P0,regression.zero_inflated_negative_binomial,零膨胀负二项回归,,回归模型,Estimator,独立节点,初步归类,,,,未定位（本轮检索）,,未发现对应内置节点,,无直接节点入口,未核对,未定位专用报告入口,未执行,新增（先确认算法与产品范围）,B5,模型设计、拟合结果与推断契约,明确零膨胀负二项回归的输入设计、参数、输出与参考实现后开发。,,未定位仅表示本轮在宿主 SCI/Runtime/目录/执行及相关前端中未找到直接实现，不代表已证明缺失。,2026-09-16,ed2f321106433943f2eb1e9c0212de9c37d335ad
54,回归模型,Tobit模型,Estimator,Regression Estimator,Model Node,P0,regression.tobit,Tobit模型,,回归模型,Estimator,独立节点,初步归类,,,,未定位（本轮检索）,,未发现对应内置节点,,无直接节点入口,未核对,未定位专用报告入口,未执行,新增（先确认算法与产品范围）,B5,模型设计、拟合结果与推断契约,明确Tobit模型的输入设计、参数、输出与参考实现后开发。,,未定位仅表示本轮在宿主 SCI/Runtime/目录/执行及相关前端中未找到直接实现，不代表已证明缺失。,2026-09-16,ed2f321106433943f2eb1e9c0212de9c37d335ad
55,回归模型,条件Logit回归,Estimator,Regression Estimator,Model Node,P0,regression.logit.conditional,条件Logit回归,,回归模型,Estimator,独立节点,初步归类,,,,未定位（本轮检索）,,未发现对应内置节点,,无直接节点入口,未核对,未定位专用报告入口,未执行,新增（先确认算法与产品范围）,B5,模型设计、拟合结果与推断契约,明确条件Logit回归的输入设计、参数、输出与参考实现后开发。,,未定位仅表示本轮在宿主 SCI/Runtime/目录/执行及相关前端中未找到直接实现，不代表已证明缺失。,2026-09-16,ed2f321106433943f2eb1e9c0212de9c37d335ad
56,回归模型,Deming回归,Estimator,Regression Estimator,Model Node,P0,regression.deming,Deming回归,,回归模型,Estimator,独立节点,初步归类,,,,未定位（本轮检索）,,未发现对应内置节点,,无直接节点入口,未核对,未定位专用报告入口,未执行,新增（先确认算法与产品范围）,B5,模型设计、拟合结果与推断契约,明确Deming回归的输入设计、参数、输出与参考实现后开发。,,未定位仅表示本轮在宿主 SCI/Runtime/目录/执行及相关前端中未找到直接实现，不代表已证明缺失。,2026-09-16,ed2f321106433943f2eb1e9c0212de9c37d335ad
57,回归模型,分位数回归,Estimator,Regression Estimator,Model Node,P0,regression.quantile,分位数回归,,回归模型,Estimator,独立节点,初步归类,,,,未定位（本轮检索）,,未发现对应内置节点,,无直接节点入口,未核对,未定位专用报告入口,未执行,新增（先确认算法与产品范围）,B5,模型设计、拟合结果与推断契约,明确分位数回归的输入设计、参数、输出与参考实现后开发。,,未定位仅表示本轮在宿主 SCI/Runtime/目录/执行及相关前端中未找到直接实现，不代表已证明缺失。,2026-09-16,ed2f321106433943f2eb1e9c0212de9c37d335ad
58,回归模型,单因素与多因素回归,Estimator,Regression Estimator,Model Node,P0,workflow.regression.univariate_multivariable,单因素与多因素回归,,回归模型,Estimator,工作流模板,初步映射（范围需细化）,,,,未定位（本轮检索）,,未发现对应内置节点,,无直接节点入口,未核对,未定位专用报告入口,未执行,明确产品形态后复用/新增,B5,模型设计、拟合结果与推断契约,明确单因素与多因素回归的输入设计、参数、输出与参考实现后开发。,明确单变量批量筛选与多变量模型的组织方式。,未定位仅表示本轮在宿主 SCI/Runtime/目录/执行及相关前端中未找到直接实现，不代表已证明缺失。,2026-09-16,ed2f321106433943f2eb1e9c0212de9c37d335ad
59,回归模型,分组回归,Estimator,Regression Estimator,Model Node,P0,workflow.regression.grouped,分组回归,,回归模型,Estimator,工作流模板,初步归类,,,,未定位（本轮检索）,,未发现对应内置节点,,无直接节点入口,未核对,未定位专用报告入口,未执行,明确产品形态后复用/新增,B5,模型设计、拟合结果与推断契约,明确分组回归的输入设计、参数、输出与参考实现后开发。,,未定位仅表示本轮在宿主 SCI/Runtime/目录/执行及相关前端中未找到直接实现，不代表已证明缺失。,2026-09-16,ed2f321106433943f2eb1e9c0212de9c37d335ad
60,回归模型,基准回归,Estimator,Regression Estimator,Model Node,P0,workflow.regression.baseline,基准回归,,回归模型,Estimator,工作流模板,初步映射（范围需细化）,,,,未定位（本轮检索）,,未发现对应内置节点,,无直接节点入口,未核对,未定位专用报告入口,未执行,明确产品形态后复用/新增,B5,模型设计、拟合结果与推断契约,明确基准回归的输入设计、参数、输出与参考实现后开发。,基准模型是工作流角色，需指定实际估计方法。,未定位仅表示本轮在宿主 SCI/Runtime/目录/执行及相关前端中未找到直接实现，不代表已证明缺失。,2026-09-16,ed2f321106433943f2eb1e9c0212de9c37d335ad
61,回归模型,门槛回归,Estimator,Regression Estimator,Model Node,P0,regression.threshold,门槛回归,,回归模型,Estimator,独立节点,初步归类,,,,未定位（本轮检索）,,未发现对应内置节点,,无直接节点入口,未核对,未定位专用报告入口,未执行,新增（先确认算法与产品范围）,B5,模型设计、拟合结果与推断契约,明确门槛回归的输入设计、参数、输出与参考实现后开发。,,未定位仅表示本轮在宿主 SCI/Runtime/目录/执行及相关前端中未找到直接实现，不代表已证明缺失。,2026-09-16,ed2f321106433943f2eb1e9c0212de9c37d335ad
62,回归模型,共线性分析,Diagnostic,Regression Diagnostics,Diagnostic Node,P0,diagnostic.collinearity,共线性分析,,回归模型,Diagnostic,估计后能力/节点,有源码对应（范围见备注）,,,yssbi.statistics.ols.fit;yssbi.statistics.ols.summary,部分实现（VIF/秩/条件数）,src-tauri/crates/yss-sci/src/regression/diagnostics/vif.rs;src-tauri/crates/yss-sci/src/regression/collinearity.rs,未发现对应内置节点,,无直接节点；已有能力范围见备注,需核对传参与默认值,当前 OLS 有条件数；其他诊断未全部接入,未执行,复用已有能力并补入口,B5,模型设计、拟合结果与推断契约,复核备注中的实现范围，贯通参数与结果；按批次补接节点并运行验收。,VIF、条件数和秩诊断相关但不完全相同；与 278 保持能力关系。,报告已有条件数；VIF 需接入，判秩失败回退需整改。,2026-09-16,ed2f321106433943f2eb1e9c0212de9c37d335ad
63,方差分析,方差,Estimator,ANOVA/ANCOVA,Analysis Node,P1,anova.one_way,单因素方差分析（范围待确认）,,方差分析,Estimator,独立节点,初步映射（范围需细化）,,,,未定位（本轮检索）,,未发现对应内置节点,,无直接节点入口,未核对,未定位专用报告入口,未执行,新增（先确认算法与产品范围）,B3,分组设计、模型比较与多重比较规则,明确方差的输入设计、参数、输出与参考实现后开发。,原名方差位于方差分析分类，暂建议单因素 ANOVA；不能与 219 合并。,未定位仅表示本轮在宿主 SCI/Runtime/目录/执行及相关前端中未找到直接实现，不代表已证明缺失。,2026-09-16,ed2f321106433943f2eb1e9c0212de9c37d335ad
64,方差分析,双因素方差,Estimator,ANOVA/ANCOVA,Analysis Node,P1,anova.two_way,双因素方差,,方差分析,Estimator,方法预设,初步归类,66,,,未定位（本轮检索）,,未发现对应内置节点,,无直接节点入口,未核对,未定位专用报告入口,未执行,整理关联/候选合并;明确产品形态后复用/新增,B3,分组设计、模型比较与多重比较规则,明确双因素方差的输入设计、参数、输出与参考实现后开发。,,未定位仅表示本轮在宿主 SCI/Runtime/目录/执行及相关前端中未找到直接实现，不代表已证明缺失。,2026-09-16,ed2f321106433943f2eb1e9c0212de9c37d335ad
65,方差分析,三因素方差,Estimator,ANOVA/ANCOVA,Analysis Node,P1,anova.three_way,三因素方差,,方差分析,Estimator,方法预设,初步归类,66,,,未定位（本轮检索）,,未发现对应内置节点,,无直接节点入口,未核对,未定位专用报告入口,未执行,整理关联/候选合并;明确产品形态后复用/新增,B3,分组设计、模型比较与多重比较规则,明确三因素方差的输入设计、参数、输出与参考实现后开发。,,未定位仅表示本轮在宿主 SCI/Runtime/目录/执行及相关前端中未找到直接实现，不代表已证明缺失。,2026-09-16,ed2f321106433943f2eb1e9c0212de9c37d335ad
66,方差分析,多因素方差,Estimator,ANOVA/ANCOVA,Analysis Node,P1,anova.factorial,多因素方差,,方差分析,Estimator,独立节点,初步归类,,,,未定位（本轮检索）,,未发现对应内置节点,,无直接节点入口,未核对,未定位专用报告入口,未执行,新增（先确认算法与产品范围）,B3,分组设计、模型比较与多重比较规则,明确多因素方差的输入设计、参数、输出与参考实现后开发。,,未定位仅表示本轮在宿主 SCI/Runtime/目录/执行及相关前端中未找到直接实现，不代表已证明缺失。,2026-09-16,ed2f321106433943f2eb1e9c0212de9c37d335ad
67,方差分析,协方差,Estimator,ANOVA/ANCOVA,Analysis Node,P1,anova.ancova,协方差分析（ANCOVA，范围待确认）,,方差分析,Estimator,独立节点,初步映射（范围需细化）,,,,未定位（本轮检索）,,未发现对应内置节点,,无直接节点入口,未核对,未定位专用报告入口,未执行,新增（先确认算法与产品范围）,B3,分组设计、模型比较与多重比较规则,明确协方差的输入设计、参数、输出与参考实现后开发。,原名协方差位于方差分析分类，暂建议 ANCOVA；不等同协方差矩阵。,未定位仅表示本轮在宿主 SCI/Runtime/目录/执行及相关前端中未找到直接实现，不代表已证明缺失。,2026-09-16,ed2f321106433943f2eb1e9c0212de9c37d335ad
68,方差分析,多元方差MANOVA,Estimator,ANOVA/ANCOVA,Analysis Node,P1,anova.manova,多元方差MANOVA,,方差分析,Estimator,独立节点,初步归类,,,,未定位（本轮检索）,,未发现对应内置节点,,无直接节点入口,未核对,未定位专用报告入口,未执行,新增（先确认算法与产品范围）,B3,分组设计、模型比较与多重比较规则,明确多元方差MANOVA的输入设计、参数、输出与参考实现后开发。,,未定位仅表示本轮在宿主 SCI/Runtime/目录/执行及相关前端中未找到直接实现，不代表已证明缺失。,2026-09-16,ed2f321106433943f2eb1e9c0212de9c37d335ad
69,方差分析,重复测量方差,Estimator,ANOVA/ANCOVA,Analysis Node,P1,anova.repeated_measures,重复测量方差,,方差分析,Estimator,独立节点,初步归类,,,,未定位（本轮检索）,,未发现对应内置节点,,无直接节点入口,未核对,未定位专用报告入口,未执行,新增（先确认算法与产品范围）,B3,分组设计、模型比较与多重比较规则,明确重复测量方差的输入设计、参数、输出与参考实现后开发。,,未定位仅表示本轮在宿主 SCI/Runtime/目录/执行及相关前端中未找到直接实现，不代表已证明缺失。,2026-09-16,ed2f321106433943f2eb1e9c0212de9c37d335ad
70,方差分析,事后多重比较,Post-estimation,Post-estimation Statistic,Post-estimation Node,P1,posthoc.multiple_comparisons,事后多重比较,,方差分析,Post-estimation,估计后能力/节点,初步归类,,,,未定位（本轮检索）,,未发现对应内置节点,,无直接节点入口,未核对,未定位专用报告入口,未执行,新增（先确认算法与产品范围）,B3,分组设计、模型比较与多重比较规则,明确事后多重比较的输入设计、参数、输出与参考实现后开发。,,未定位仅表示本轮在宿主 SCI/Runtime/目录/执行及相关前端中未找到直接实现，不代表已证明缺失。,2026-09-16,ed2f321106433943f2eb1e9c0212de9c37d335ad
71,非参数统计,非参数检验,Test,Hypothesis Test,Test Node,P1,test.nonparametric.family,非参数检验,,非参数统计,Test,独立节点,初步映射（范围需细化）,,,,未定位（本轮检索）,,未发现对应内置节点,,无直接节点入口,未核对,未定位专用报告入口,未执行,新增（先确认算法与产品范围）,B3,配对/独立样本设计和精确/渐近计算规则,明确非参数检验的输入设计、参数、输出与参考实现后开发。,非参数检验是方法族，需列出具体成员后确定入口。,未定位仅表示本轮在宿主 SCI/Runtime/目录/执行及相关前端中未找到直接实现，不代表已证明缺失。,2026-09-16,ed2f321106433943f2eb1e9c0212de9c37d335ad
72,非参数统计,单样本Wilcoxon,Test,Nonparametric Test,Test Node,P1,test.wilcoxon.one_sample,单样本Wilcoxon,,非参数统计,Test,独立节点,初步映射（范围需细化）,,,,未定位（本轮检索）,,未发现对应内置节点,,无直接节点入口,未核对,未定位专用报告入口,未执行,新增（先确认算法与产品范围）,B3,配对/独立样本设计和精确/渐近计算规则,明确单样本Wilcoxon的输入设计、参数、输出与参考实现后开发。,确认单样本符号秩检验及零差/并列秩策略。,未定位仅表示本轮在宿主 SCI/Runtime/目录/执行及相关前端中未找到直接实现，不代表已证明缺失。,2026-09-16,ed2f321106433943f2eb1e9c0212de9c37d335ad
73,非参数统计,配对样本Wilcoxon,Test,Nonparametric Test,Test Node,P1,test.wilcoxon.paired,配对样本Wilcoxon,,非参数统计,Test,独立节点,初步归类,,,,未定位（本轮检索）,,未发现对应内置节点,,无直接节点入口,未核对,未定位专用报告入口,未执行,新增（先确认算法与产品范围）,B3,配对/独立样本设计和精确/渐近计算规则,明确配对样本Wilcoxon的输入设计、参数、输出与参考实现后开发。,,未定位仅表示本轮在宿主 SCI/Runtime/目录/执行及相关前端中未找到直接实现，不代表已证明缺失。,2026-09-16,ed2f321106433943f2eb1e9c0212de9c37d335ad
74,非参数统计,多样本Friedman,Test,Nonparametric Test,Test Node,P1,test.friedman,多样本Friedman,,非参数统计,Test,独立节点,初步归类,,,,未定位（本轮检索）,,未发现对应内置节点,,无直接节点入口,未核对,未定位专用报告入口,未执行,新增（先确认算法与产品范围）,B3,配对/独立样本设计和精确/渐近计算规则,明确多样本Friedman的输入设计、参数、输出与参考实现后开发。,,未定位仅表示本轮在宿主 SCI/Runtime/目录/执行及相关前端中未找到直接实现，不代表已证明缺失。,2026-09-16,ed2f321106433943f2eb1e9c0212de9c37d335ad
75,非参数统计,游程检验,Test,Nonparametric Test,Test Node,P1,test.runs,游程检验,,非参数统计,Test,独立节点,初步归类,,,,未定位（本轮检索）,,未发现对应内置节点,,无直接节点入口,未核对,未定位专用报告入口,未执行,新增（先确认算法与产品范围）,B3,配对/独立样本设计和精确/渐近计算规则,明确游程检验的输入设计、参数、输出与参考实现后开发。,,未定位仅表示本轮在宿主 SCI/Runtime/目录/执行及相关前端中未找到直接实现，不代表已证明缺失。,2026-09-16,ed2f321106433943f2eb1e9c0212de9c37d335ad
76,非参数统计,Kendall协调系数,Test,Nonparametric Test,Test Node,P1,test.kendall_w,Kendall协调系数,,非参数统计,Test,独立节点,初步归类,,,,未定位（本轮检索）,,未发现对应内置节点,,无直接节点入口,未核对,未定位专用报告入口,未执行,新增（先确认算法与产品范围）,B3,配对/独立样本设计和精确/渐近计算规则,明确Kendall协调系数的输入设计、参数、输出与参考实现后开发。,,未定位仅表示本轮在宿主 SCI/Runtime/目录/执行及相关前端中未找到直接实现，不代表已证明缺失。,2026-09-16,ed2f321106433943f2eb1e9c0212de9c37d335ad
77,非参数统计,Cochran's Q检验,Test,Nonparametric Test,Test Node,P1,test.cochran_q,Cochran's Q检验,,非参数统计,Test,独立节点,初步归类,,,,未定位（本轮检索）,,未发现对应内置节点,,无直接节点入口,未核对,未定位专用报告入口,未执行,新增（先确认算法与产品范围）,B3,配对/独立样本设计和精确/渐近计算规则,明确Cochran's Q检验的输入设计、参数、输出与参考实现后开发。,,未定位仅表示本轮在宿主 SCI/Runtime/目录/执行及相关前端中未找到直接实现，不代表已证明缺失。,2026-09-16,ed2f321106433943f2eb1e9c0212de9c37d335ad
78,非参数统计,Ridit分析,Diagnostic,Model Diagnostics,Diagnostic Node,P1,association.ridit,Ridit分析,,非参数统计,Test,估计后能力/节点,初步映射（范围需细化）,,,,未定位（本轮检索）,,未发现对应内置节点,,无直接节点入口,未核对,未定位专用报告入口,未执行,新增（先确认算法与产品范围）,B3,配对/独立样本设计和精确/渐近计算规则,明确Ridit分析的输入设计、参数、输出与参考实现后开发。,原角色 Diagnostic 与方法用途不一致；角色建议仍需领域复核。,未定位仅表示本轮在宿主 SCI/Runtime/目录/执行及相关前端中未找到直接实现，不代表已证明缺失。,2026-09-16,ed2f321106433943f2eb1e9c0212de9c37d335ad
79,非参数统计,Mood中位值检验,Test,Nonparametric Test,Test Node,P1,test.mood_median,Mood中位值检验,,非参数统计,Test,独立节点,初步归类,,,,未定位（本轮检索）,,未发现对应内置节点,,无直接节点入口,未核对,未定位专用报告入口,未执行,新增（先确认算法与产品范围）,B3,配对/独立样本设计和精确/渐近计算规则,明确Mood中位值检验的输入设计、参数、输出与参考实现后开发。,,未定位仅表示本轮在宿主 SCI/Runtime/目录/执行及相关前端中未找到直接实现，不代表已证明缺失。,2026-09-16,ed2f321106433943f2eb1e9c0212de9c37d335ad
80,非参数统计,Mann-Kendall检验,Test,Nonparametric Test,Test Node,P1,test.mann_kendall,Mann-Kendall检验,,非参数统计,Test,独立节点,初步归类,,,,未定位（本轮检索）,,未发现对应内置节点,,无直接节点入口,未核对,未定位专用报告入口,未执行,新增（先确认算法与产品范围）,B3,配对/独立样本设计和精确/渐近计算规则,明确Mann-Kendall检验的输入设计、参数、输出与参考实现后开发。,,未定位仅表示本轮在宿主 SCI/Runtime/目录/执行及相关前端中未找到直接实现，不代表已证明缺失。,2026-09-16,ed2f321106433943f2eb1e9c0212de9c37d335ad
81,多元统计,聚类,Estimator,Multivariate Method,Analysis Node,P2,multivariate.clustering,聚类,,多元统计,Estimator,独立节点,初步映射（范围需细化）,,,,未定位（本轮检索）,,未发现对应内置节点,,无直接节点入口,未核对,未定位专用报告入口,未执行,新增（先确认算法与产品范围）,B5,矩阵数据、预处理与多元结果契约,明确聚类的输入设计、参数、输出与参考实现后开发。,聚类是方法族；需指定默认算法，不能直接与 82 合并。,未定位仅表示本轮在宿主 SCI/Runtime/目录/执行及相关前端中未找到直接实现，不代表已证明缺失。,2026-09-16,ed2f321106433943f2eb1e9c0212de9c37d335ad
82,多元统计,分层聚类,Estimator,Multivariate Method,Analysis Node,P2,multivariate.hierarchical_clustering,分层聚类,,多元统计,Estimator,独立节点,初步归类,,,,未定位（本轮检索）,,未发现对应内置节点,,无直接节点入口,未核对,未定位专用报告入口,未执行,新增（先确认算法与产品范围）,B5,矩阵数据、预处理与多元结果契约,明确分层聚类的输入设计、参数、输出与参考实现后开发。,,未定位仅表示本轮在宿主 SCI/Runtime/目录/执行及相关前端中未找到直接实现，不代表已证明缺失。,2026-09-16,ed2f321106433943f2eb1e9c0212de9c37d335ad
83,多元统计,探索性因子,Estimator,Multivariate Method,Analysis Node,P2,multivariate.exploratory_factor,探索性因子,,多元统计,Estimator,独立节点,初步归类,,,,未定位（本轮检索）,,未发现对应内置节点,,无直接节点入口,未核对,未定位专用报告入口,未执行,新增（先确认算法与产品范围）,B5,矩阵数据、预处理与多元结果契约,明确探索性因子的输入设计、参数、输出与参考实现后开发。,,未定位仅表示本轮在宿主 SCI/Runtime/目录/执行及相关前端中未找到直接实现，不代表已证明缺失。,2026-09-16,ed2f321106433943f2eb1e9c0212de9c37d335ad
84,多元统计,主成分,Estimator,Multivariate Method,Analysis Node,P2,multivariate.pca,主成分,,多元统计,Estimator,独立节点,初步归类,,,,未定位（本轮检索）,,未发现对应内置节点,,无直接节点入口,未核对,未定位专用报告入口,未执行,新增（先确认算法与产品范围）,B5,矩阵数据、预处理与多元结果契约,明确主成分的输入设计、参数、输出与参考实现后开发。,,未定位仅表示本轮在宿主 SCI/Runtime/目录/执行及相关前端中未找到直接实现，不代表已证明缺失。,2026-09-16,ed2f321106433943f2eb1e9c0212de9c37d335ad
85,多元统计,对应分析,Estimator,Multivariate Method,Analysis Node,P2,multivariate.correspondence,对应分析,,多元统计,Estimator,独立节点,初步归类,,,,未定位（本轮检索）,,未发现对应内置节点,,无直接节点入口,未核对,未定位专用报告入口,未执行,新增（先确认算法与产品范围）,B5,矩阵数据、预处理与多元结果契约,明确对应分析的输入设计、参数、输出与参考实现后开发。,,未定位仅表示本轮在宿主 SCI/Runtime/目录/执行及相关前端中未找到直接实现，不代表已证明缺失。,2026-09-16,ed2f321106433943f2eb1e9c0212de9c37d335ad
86,多元统计,判别分析,Estimator,Multivariate Method,Analysis Node,P2,multivariate.discriminant,判别分析,,多元统计,Estimator,独立节点,初步归类,,,,未定位（本轮检索）,,未发现对应内置节点,,无直接节点入口,未核对,未定位专用报告入口,未执行,新增（先确认算法与产品范围）,B5,矩阵数据、预处理与多元结果契约,明确判别分析的输入设计、参数、输出与参考实现后开发。,,未定位仅表示本轮在宿主 SCI/Runtime/目录/执行及相关前端中未找到直接实现，不代表已证明缺失。,2026-09-16,ed2f321106433943f2eb1e9c0212de9c37d335ad
87,多元统计,RDA冗余分析,Estimator,Multivariate Method,Analysis Node,P2,multivariate.rda,RDA冗余分析,,多元统计,Estimator,独立节点,初步归类,,,,未定位（本轮检索）,,未发现对应内置节点,,无直接节点入口,未核对,未定位专用报告入口,未执行,新增（先确认算法与产品范围）,B5,矩阵数据、预处理与多元结果契约,明确RDA冗余分析的输入设计、参数、输出与参考实现后开发。,,未定位仅表示本轮在宿主 SCI/Runtime/目录/执行及相关前端中未找到直接实现，不代表已证明缺失。,2026-09-16,ed2f321106433943f2eb1e9c0212de9c37d335ad
88,多元统计,多维尺度MDS,Estimator,Multivariate Method,Analysis Node,P2,multivariate.mds,多维尺度MDS,,多元统计,Estimator,独立节点,初步归类,,,,未定位（本轮检索）,,未发现对应内置节点,,无直接节点入口,未核对,未定位专用报告入口,未执行,新增（先确认算法与产品范围）,B5,矩阵数据、预处理与多元结果契约,明确多维尺度MDS的输入设计、参数、输出与参考实现后开发。,,未定位仅表示本轮在宿主 SCI/Runtime/目录/执行及相关前端中未找到直接实现，不代表已证明缺失。,2026-09-16,ed2f321106433943f2eb1e9c0212de9c37d335ad
89,生存分析,Kaplan-Meier,Estimator,Survival Model,Model Node,P1,survival.kaplan_meier,Kaplan-Meier,,生存分析,Estimator,独立节点,初步归类,,,,未定位（本轮检索）,,未发现对应内置节点,,无直接节点入口,未核对,未定位专用报告入口,未执行,新增（先确认算法与产品范围）,B5,生存时间、删失、事件编码与模型结果,明确Kaplan-Meier的输入设计、参数、输出与参考实现后开发。,,未定位仅表示本轮在宿主 SCI/Runtime/目录/执行及相关前端中未找到直接实现，不代表已证明缺失。,2026-09-16,ed2f321106433943f2eb1e9c0212de9c37d335ad
90,生存分析,Cox回归,Estimator,Survival Model,Model Node,P1,survival.cox,Cox回归,,生存分析,Estimator,独立节点,初步归类,,,,未定位（本轮检索）,,未发现对应内置节点,,无直接节点入口,未核对,未定位专用报告入口,未执行,新增（先确认算法与产品范围）,B5,生存时间、删失、事件编码与模型结果,明确Cox回归的输入设计、参数、输出与参考实现后开发。,,未定位仅表示本轮在宿主 SCI/Runtime/目录/执行及相关前端中未找到直接实现，不代表已证明缺失。,2026-09-16,ed2f321106433943f2eb1e9c0212de9c37d335ad
91,生存分析,OR值,Post-estimation,Post-estimation Statistic,Post-estimation Node,P1,postestimation.odds_ratio,OR值,,估计后分析,Post-estimation,结果指标,有源码对应（范围见备注）,,,yssbi.statistics.logit.summary,前端相关计算（Logit OR）,src/modules/results/internal/ui/info/shared/CoefficientTable.tsx,未发现对应内置节点,,无直接节点；已有能力范围见备注,需核对传参与默认值,Binary 系数表有可选 OR 展示；执行链未接入,未执行,复用已有能力并补入口,B2,生存时间、删失、事件编码与模型结果,复核备注中的实现范围，贯通参数与结果；按批次补接节点并运行验收。,区分列联表 OR 和 Logit 系数指数化；当前找到的是后者的前端展示。,仅找到 Logit 系数指数化的展示，不代表列联表 OR 或生存 HR。,2026-09-16,ed2f321106433943f2eb1e9c0212de9c37d335ad
92,生存分析,RCS样条分析,Estimator,Survival Model,Model Node,P1,transform.rcs,RCS样条分析,,数据变换,Transform,变换/模型设计,初步映射（范围需细化）,,,,未定位（本轮检索）,,未发现对应内置节点,,无直接节点入口,未核对,未定位专用报告入口,未执行,新增（先确认算法与产品范围）,B5,生存时间、删失、事件编码与模型结果,明确RCS样条分析的输入设计、参数、输出与参考实现后开发。,样条基函数变换可供多种模型消费，不限定为生存估计器。,未定位仅表示本轮在宿主 SCI/Runtime/目录/执行及相关前端中未找到直接实现，不代表已证明缺失。,2026-09-16,ed2f321106433943f2eb1e9c0212de9c37d335ad
93,生存分析,列线图,Visualization,Exploratory Plot,Visualization Node,P1,plot.nomogram,列线图,,生存分析,Visualization,绘图节点,初步归类,,,,未定位（本轮检索）,,未发现对应内置节点,,无直接节点入口,未核对,未定位专用报告入口,未执行,新增（先确认算法与产品范围）,B5,生存时间、删失、事件编码与模型结果,明确列线图的输入设计、参数、输出与参考实现后开发。,,未定位仅表示本轮在宿主 SCI/Runtime/目录/执行及相关前端中未找到直接实现，不代表已证明缺失。,2026-09-16,ed2f321106433943f2eb1e9c0212de9c37d335ad
94,生存分析,NRI和IDI,Diagnostic,Model Diagnostics,Diagnostic Node,P1,diagnostic.nri_idi,NRI和IDI,,生存分析,Diagnostic,估计后能力/节点,初步映射（范围需细化）,,,,未定位（本轮检索）,,未发现对应内置节点,,无直接节点入口,未核对,未定位专用报告入口,未执行,新增（先确认算法与产品范围）,B5,生存时间、删失、事件编码与模型结果,明确NRI和IDI的输入设计、参数、输出与参考实现后开发。,NRI 与 IDI 需拆清统计量、基准模型和验证样本。,未定位仅表示本轮在宿主 SCI/Runtime/目录/执行及相关前端中未找到直接实现，不代表已证明缺失。,2026-09-16,ed2f321106433943f2eb1e9c0212de9c37d335ad
95,生存分析,校准曲线,Visualization,Model/Result Plot,Visualization Node,P1,plot.calibration,校准曲线,,生存分析,Visualization,绘图节点,初步归类,,,,未定位（本轮检索）,,未发现对应内置节点,,无直接节点入口,未核对,未定位专用报告入口,未执行,新增（先确认算法与产品范围）,B5,生存时间、删失、事件编码与模型结果,明确校准曲线的输入设计、参数、输出与参考实现后开发。,,未定位仅表示本轮在宿主 SCI/Runtime/目录/执行及相关前端中未找到直接实现，不代表已证明缺失。,2026-09-16,ed2f321106433943f2eb1e9c0212de9c37d335ad
96,生存分析,DCA曲线,Visualization,Model/Result Plot,Visualization Node,P1,plot.decision_curve,DCA曲线,,生存分析,Visualization,绘图节点,初步归类,,,,未定位（本轮检索）,,未发现对应内置节点,,无直接节点入口,未核对,未定位专用报告入口,未执行,新增（先确认算法与产品范围）,B5,生存时间、删失、事件编码与模型结果,明确DCA曲线的输入设计、参数、输出与参考实现后开发。,,未定位仅表示本轮在宿主 SCI/Runtime/目录/执行及相关前端中未找到直接实现，不代表已证明缺失。,2026-09-16,ed2f321106433943f2eb1e9c0212de9c37d335ad
97,生存分析,亚组分析,Post-estimation,Sensitivity/Subgroup,Post-estimation Node,P1,workflow.subgroup,亚组分析,,生存分析,Post-estimation,工作流模板,初步归类,,,,未定位（本轮检索）,,未发现对应内置节点,,无直接节点入口,未核对,未定位专用报告入口,未执行,明确产品形态后复用/新增,B5,生存时间、删失、事件编码与模型结果,明确亚组分析的输入设计、参数、输出与参考实现后开发。,,未定位仅表示本轮在宿主 SCI/Runtime/目录/执行及相关前端中未找到直接实现，不代表已证明缺失。,2026-09-16,ed2f321106433943f2eb1e9c0212de9c37d335ad
98,纵向/层级模型,广义估计方程GEE,Estimator,Mixed/Longitudinal Model,Model Node,P1,longitudinal.gee,广义估计方程GEE,,纵向与层级模型,Estimator,独立节点,初步归类,,,,未定位（本轮检索）,,未发现对应内置节点,,无直接节点入口,未核对,未定位专用报告入口,未执行,新增（先确认算法与产品范围）,B5,实体分组、重复测量与相关结构,明确广义估计方程GEE的输入设计、参数、输出与参考实现后开发。,,未定位仅表示本轮在宿主 SCI/Runtime/目录/执行及相关前端中未找到直接实现，不代表已证明缺失。,2026-09-16,ed2f321106433943f2eb1e9c0212de9c37d335ad
99,纵向/层级模型,多层线性模型HLM,Estimator,Mixed/Longitudinal Model,Model Node,P1,mixed.hlm,多层线性模型HLM,,纵向与层级模型,Estimator,独立节点,初步映射（范围需细化）,,,,未定位（本轮检索）,,未发现对应内置节点,,无直接节点入口,未核对,未定位专用报告入口,未执行,新增（先确认算法与产品范围）,B5,实体分组、重复测量与相关结构,明确多层线性模型HLM的输入设计、参数、输出与参考实现后开发。,与 LMM 可能重叠，需核对随机效应及层级设计。,未定位仅表示本轮在宿主 SCI/Runtime/目录/执行及相关前端中未找到直接实现，不代表已证明缺失。,2026-09-16,ed2f321106433943f2eb1e9c0212de9c37d335ad
100,纵向/层级模型,rwg,Estimator,Mixed/Longitudinal Model,Model Node,P1,association.rwg,rwg,,纵向与层级模型,Estimator,独立节点,初步映射（范围需细化）,,,,未定位（本轮检索）,,未发现对应内置节点,,无直接节点入口,未核对,未定位专用报告入口,未执行,新增（先确认算法与产品范围）,B5,实体分组、重复测量与相关结构,明确rwg的输入设计、参数、输出与参考实现后开发。,需要定义零假设评分分布与汇总层级。,未定位仅表示本轮在宿主 SCI/Runtime/目录/执行及相关前端中未找到直接实现，不代表已证明缺失。,2026-09-16,ed2f321106433943f2eb1e9c0212de9c37d335ad
101,计量经济/因果推断,两阶段回归TSLS,Estimator,Econometric/Causal Estimator,Model Node,P1,econometrics.iv.2sls,工具变量两阶段最小二乘（2SLS）,TSLS;2SLS;IV,计量经济与因果推断,Estimator,独立节点,有源码对应（范围见备注）,,yssbi.statistics.iv.2sls.summary,,实现存在（静态）,src-tauri/crates/yss-sci/src/regression/linear_model/iv2sls/fit.rs;src-tauri/crates/yss-sci-runtime/src/regression/mod.rs,定义存在,yssbi.statistics.iv.2sls.summary,未注册,需核对传参与默认值,报告定义/组件存在；执行待接入,未执行,补接/重构,B4,实体/时间/处理/工具变量设计,复核备注中的实现范围，贯通参数与结果；按批次补接节点并运行验收。,,底层支持多个内生变量的代码/测试存在，但目录和 Runtime 的输入范围更窄；接入前统一形状与配置。,2026-09-16,ed2f321106433943f2eb1e9c0212de9c37d335ad
102,计量经济/因果推断,面板模型,Estimator,Econometric/Causal Estimator,Model Node,P1,econometrics.panel.family,面板模型,,计量经济与因果推断,Estimator,独立节点,有源码对应（范围见备注）,,yssbi.statistics.panel.summary,,部分实现（方法族）,src-tauri/crates/yss-sci/src/regression/panel/mod.rs;src-tauri/crates/yss-sci-runtime/src/regression/mod.rs,定义存在,yssbi.statistics.panel.summary,未注册,需核对传参与默认值,报告定义/组件存在；执行待接入,未执行,补接/重构,B4,实体/时间/处理/工具变量设计,复核备注中的实现范围，贯通参数与结果；按批次补接节点并运行验收。,目录面板入口与 SCI 支持面不一致；FE/RE/FD/BE 不能只靠一个参数宣称全部接通。,SCI 有 FE/RE/FD 等；当前通用面板入口仅调用双向 FE，不能把整个方法族标为已贯通。,2026-09-16,ed2f321106433943f2eb1e9c0212de9c37d335ad
103,计量经济/因果推断,动态面板,Estimator,Econometric/Causal Estimator,Model Node,P1,econometrics.panel.dynamic,动态面板,,计量经济与因果推断,Estimator,独立节点,初步归类,,,,未定位（本轮检索）,,未发现对应内置节点,,无直接节点入口,未核对,未定位专用报告入口,未执行,新增（先确认算法与产品范围）,B4,实体/时间/处理/工具变量设计,明确动态面板的输入设计、参数、输出与参考实现后开发。,,未定位仅表示本轮在宿主 SCI/Runtime/目录/执行及相关前端中未找到直接实现，不代表已证明缺失。,2026-09-16,ed2f321106433943f2eb1e9c0212de9c37d335ad
104,计量经济/因果推断,GMM估计,Estimator,Econometric/Causal Estimator,Model Node,P1,econometrics.gmm,GMM估计,,计量经济与因果推断,Estimator,独立节点,初步归类,,,,未定位（本轮检索）,,未发现对应内置节点,,无直接节点入口,未核对,未定位专用报告入口,未执行,新增（先确认算法与产品范围）,B4,实体/时间/处理/工具变量设计,明确GMM估计的输入设计、参数、输出与参考实现后开发。,,未定位仅表示本轮在宿主 SCI/Runtime/目录/执行及相关前端中未找到直接实现，不代表已证明缺失。,2026-09-16,ed2f321106433943f2eb1e9c0212de9c37d335ad
105,计量经济/因果推断,DID差分,Estimator,Econometric/Causal Estimator,Model Node,P1,causal.did,DID差分,,计量经济与因果推断,Estimator,独立节点,有源码对应（范围见备注）,,yssbi.statistics.panel.did.twfe,,部分实现（TWFE 及相关分析）,src-tauri/crates/yss-sci/src/regression/panel/fe.rs;src-tauri/crates/yss-sci/src/regression/panel/did.rs;src-tauri/crates/yss-sci-runtime/src/panel/did.rs,定义存在,yssbi.statistics.panel.did.twfe,未注册,需核对传参与默认值,报告定义/组件存在；执行待接入,未执行,补接/重构,B4,实体/时间/处理/工具变量设计,复核备注中的实现范围，贯通参数与结果；按批次补接节点并运行验收。,已定位双向固定效应入口，其他 DID 估计方法和设计不能泛化为已实现。,仅定位 TWFE/事件研究和随机化推断相关实现；其他 DID/事件研究方法未作覆盖声明。,2026-09-16,ed2f321106433943f2eb1e9c0212de9c37d335ad
106,计量经济/因果推断,RDD断点,Estimator,Econometric/Causal Estimator,Model Node,P1,causal.rdd,RDD断点,,计量经济与因果推断,Estimator,独立节点,初步归类,,,,未定位（本轮检索）,,未发现对应内置节点,,无直接节点入口,未核对,未定位专用报告入口,未执行,新增（先确认算法与产品范围）,B4,实体/时间/处理/工具变量设计,明确RDD断点的输入设计、参数、输出与参考实现后开发。,,未定位仅表示本轮在宿主 SCI/Runtime/目录/执行及相关前端中未找到直接实现，不代表已证明缺失。,2026-09-16,ed2f321106433943f2eb1e9c0212de9c37d335ad
107,计量经济/因果推断,倾向得分匹配PSM,Estimator,Econometric/Causal Estimator,Model Node,P1,causal.psm,倾向得分匹配PSM,,计量经济与因果推断,Estimator,独立节点,初步归类,,,,未定位（本轮检索）,,未发现对应内置节点,,无直接节点入口,未核对,未定位专用报告入口,未执行,新增（先确认算法与产品范围）,B4,实体/时间/处理/工具变量设计,明确倾向得分匹配PSM的输入设计、参数、输出与参考实现后开发。,,未定位仅表示本轮在宿主 SCI/Runtime/目录/执行及相关前端中未找到直接实现，不代表已证明缺失。,2026-09-16,ed2f321106433943f2eb1e9c0212de9c37d335ad
108,计量经济/因果推断,Heckman TwoStep,Estimator,Econometric/Causal Estimator,Model Node,P1,econometrics.heckman_two_step,Heckman TwoStep,,计量经济与因果推断,Estimator,独立节点,初步归类,,,,未定位（本轮检索）,,未发现对应内置节点,,无直接节点入口,未核对,未定位专用报告入口,未执行,新增（先确认算法与产品范围）,B4,实体/时间/处理/工具变量设计,明确Heckman TwoStep的输入设计、参数、输出与参考实现后开发。,,未定位仅表示本轮在宿主 SCI/Runtime/目录/执行及相关前端中未找到直接实现，不代表已证明缺失。,2026-09-16,ed2f321106433943f2eb1e9c0212de9c37d335ad
109,计量经济/因果推断,异质性检验,Test,Hypothesis Test,Test Node,P1,test.heterogeneity,异质性检验,,计量经济与因果推断,Test,独立节点,初步映射（范围需细化）,,,,未定位（本轮检索）,,未发现对应内置节点,,无直接节点入口,未核对,未定位专用报告入口,未执行,新增（先确认算法与产品范围）,B4,实体/时间/处理/工具变量设计,明确异质性检验的输入设计、参数、输出与参考实现后开发。,明确检验对象；不能用 Meta 的 Cochran Q 替代一般异质性检验。,未定位仅表示本轮在宿主 SCI/Runtime/目录/执行及相关前端中未找到直接实现，不代表已证明缺失。,2026-09-16,ed2f321106433943f2eb1e9c0212de9c37d335ad
110,计量经济/因果推断,随机前沿SFA,Estimator,Econometric/Causal Estimator,Model Node,P1,econometrics.sfa,随机前沿SFA,,计量经济与因果推断,Estimator,独立节点,初步归类,,,,未定位（本轮检索）,,未发现对应内置节点,,无直接节点入口,未核对,未定位专用报告入口,未执行,新增（先确认算法与产品范围）,B4,实体/时间/处理/工具变量设计,明确随机前沿SFA的输入设计、参数、输出与参考实现后开发。,,未定位仅表示本轮在宿主 SCI/Runtime/目录/执行及相关前端中未找到直接实现，不代表已证明缺失。,2026-09-16,ed2f321106433943f2eb1e9c0212de9c37d335ad
111,计量经济/因果推断,Dagum基尼系数,Estimator,Econometric/Causal Estimator,Model Node,P1,inequality.dagum_gini,Dagum基尼系数,,计量经济与因果推断,Estimator,独立节点,初步归类,,,,未定位（本轮检索）,,未发现对应内置节点,,无直接节点入口,未核对,未定位专用报告入口,未执行,新增（先确认算法与产品范围）,B4,实体/时间/处理/工具变量设计,明确Dagum基尼系数的输入设计、参数、输出与参考实现后开发。,,未定位仅表示本轮在宿主 SCI/Runtime/目录/执行及相关前端中未找到直接实现，不代表已证明缺失。,2026-09-16,ed2f321106433943f2eb1e9c0212de9c37d335ad
112,计量经济/因果推断,Gini基尼系数,Estimator,Econometric/Causal Estimator,Model Node,P1,inequality.gini,Gini基尼系数,,计量经济与因果推断,Estimator,独立节点,初步归类,,,,未定位（本轮检索）,,未发现对应内置节点,,无直接节点入口,未核对,未定位专用报告入口,未执行,新增（先确认算法与产品范围）,B4,实体/时间/处理/工具变量设计,明确Gini基尼系数的输入设计、参数、输出与参考实现后开发。,,未定位仅表示本轮在宿主 SCI/Runtime/目录/执行及相关前端中未找到直接实现，不代表已证明缺失。,2026-09-16,ed2f321106433943f2eb1e9c0212de9c37d335ad
113,计量经济/因果推断,泰尔指数,Estimator,Econometric/Causal Estimator,Model Node,P1,inequality.theil,泰尔指数,,计量经济与因果推断,Estimator,独立节点,初步归类,,,,未定位（本轮检索）,,未发现对应内置节点,,无直接节点入口,未核对,未定位专用报告入口,未执行,新增（先确认算法与产品范围）,B4,实体/时间/处理/工具变量设计,明确泰尔指数的输入设计、参数、输出与参考实现后开发。,,未定位仅表示本轮在宿主 SCI/Runtime/目录/执行及相关前端中未找到直接实现，不代表已证明缺失。,2026-09-16,ed2f321106433943f2eb1e9c0212de9c37d335ad
114,时间序列,ADF检验,Test,Assumption/Specification Test,Test Node,P1,timeseries.adf,ADF检验,,时间序列,Test,独立节点,有源码对应（范围见备注）,,yssbi.statistics.adf.test;yssbi.statistics.adf.summary,,实现存在（静态）,src-tauri/crates/yss-sci/src/ts/unit_root.rs;src-tauri/crates/yss-sci-runtime/src/time_series/models.rs,定义存在,yssbi.statistics.adf.summary;yssbi.statistics.adf.test,未注册,需核对传参与默认值,报告定义/组件存在；执行待接入,未执行,补接/重构,B4,时间顺序、滞后、对齐与模型结果,复核备注中的实现范围，贯通参数与结果；按批次补接节点并运行验收。,,ADF 算法及目录存在；测试/汇总的结果端口需接入。,2026-09-16,ed2f321106433943f2eb1e9c0212de9c37d335ad
115,时间序列,ARIMA预测,Estimator,Time-series Model,Model Node,P1,timeseries.arima,ARIMA预测,,时间序列,Estimator,独立节点,初步归类,,,,未定位（本轮检索）,,未发现对应内置节点,,无直接节点入口,未核对,未定位专用报告入口,未执行,新增（先确认算法与产品范围）,B4,时间顺序、滞后、对齐与模型结果,明确ARIMA预测的输入设计、参数、输出与参考实现后开发。,,未定位仅表示本轮在宿主 SCI/Runtime/目录/执行及相关前端中未找到直接实现，不代表已证明缺失。,2026-09-16,ed2f321106433943f2eb1e9c0212de9c37d335ad
116,时间序列,季节SARIMA,Estimator,Time-series Model,Model Node,P1,timeseries.sarima,季节SARIMA,,时间序列,Estimator,独立节点,初步归类,,,,未定位（本轮检索）,,未发现对应内置节点,,无直接节点入口,未核对,未定位专用报告入口,未执行,新增（先确认算法与产品范围）,B4,时间顺序、滞后、对齐与模型结果,明确季节SARIMA的输入设计、参数、输出与参考实现后开发。,,未定位仅表示本轮在宿主 SCI/Runtime/目录/执行及相关前端中未找到直接实现，不代表已证明缺失。,2026-09-16,ed2f321106433943f2eb1e9c0212de9c37d335ad
117,时间序列,偏（自）相关图,Visualization,Exploratory Plot,Visualization Node,P1,plot.correlogram,偏（自）相关图,,时间序列,Visualization,绘图节点,有源码对应（范围见备注）,,yssbi.plot.correlogram.view,,实现存在（静态）,src-tauri/crates/yss-sci/src/ts/acf_pacf.rs,定义存在,yssbi.plot.correlogram.view,未注册,需核对传参与默认值,相关图渲染与 OLS 报告已有；独立节点待接入,未执行,补接/重构,B4,时间顺序、滞后、对齐与模型结果,复核备注中的实现范围，贯通参数与结果；按批次补接节点并运行验收。,图形入口与 ACF/PACF 数值计算分列；数值能力见 324/325。,数值能力已实现；绘图节点未注册，OLS 报告内有相关图。,2026-09-16,ed2f321106433943f2eb1e9c0212de9c37d335ad
118,时间序列,时序图,Visualization,Time-series Plot,Visualization Node,P1,plot.time_series,时序图,,时间序列,Visualization,绘图节点,有源码对应（范围见备注）,,yssbi.plot.line.view,,部分实现（图表投影）,src-tauri/crates/yss-application/src/chart/projection.rs,定义存在,yssbi.plot.line.view,未注册,需核对传参与默认值,图表资源可复用；节点结果待接入,未执行,补接/重构,B4,时间顺序、滞后、对齐与模型结果,复核备注中的实现范围，贯通参数与结果；按批次补接节点并运行验收。,,Chart 资源有点投影及前端渲染；独立图节点未注册。分组/时间含义需按条目核对。,2026-09-16,ed2f321106433943f2eb1e9c0212de9c37d335ad
119,时间序列,VAR模型,Estimator,Time-series Model,Model Node,P1,timeseries.var,VAR模型,,时间序列,Estimator,独立节点,有源码对应（范围见备注）,,yssbi.statistics.var.summary;yssbi.statistics.var.lag_order,,实现存在（静态）,src-tauri/crates/yss-sci/src/ts/var/estimate.rs;src-tauri/crates/yss-sci/src/ts/var/varsoc.rs;src-tauri/crates/yss-sci-runtime/src/time_series/models.rs,定义存在,yssbi.statistics.var.lag_order;yssbi.statistics.var.summary,未注册,需核对传参与默认值,报告定义/组件存在；执行待接入,未执行,补接/重构,B4,时间顺序、滞后、对齐与模型结果,复核备注中的实现范围，贯通参数与结果；按批次补接节点并运行验收。,,已有 VAR 与阶数选择算法；节点未注册。,2026-09-16,ed2f321106433943f2eb1e9c0212de9c37d335ad
120,时间序列,格兰杰检验,Test,Assumption/Specification Test,Test Node,P1,timeseries.granger,格兰杰检验,,时间序列,Test,独立节点,有源码对应（范围见备注）,,,yssbi.statistics.var.summary,实现存在（静态）,src-tauri/crates/yss-sci/src/ts/var/estimate.rs:549,未发现对应内置节点,,无直接节点；已有能力范围见备注,需核对传参与默认值,报告定义/组件存在；执行待接入,未执行,复用已有能力并补入口,B4,时间顺序、滞后、对齐与模型结果,复核备注中的实现范围，贯通参数与结果；按批次补接节点并运行验收。,已定位 VAR 内的 Granger Wald 计算；独立检验入口尚需接入。,Granger Wald 计算嵌入 VAR 拟合结果；需要复用结果并提供估计后入口。,2026-09-16,ed2f321106433943f2eb1e9c0212de9c37d335ad
121,时间序列,协整（coint）,Test,Assumption/Specification Test,Test Node,P1,timeseries.cointegration,协整（coint）,,时间序列,Test,独立节点,有源码对应（范围见备注）,,yssbi.statistics.vec.rank_test,,部分实现（Johansen）,src-tauri/crates/yss-sci/src/ts/vec/vecrank.rs;src-tauri/crates/yss-sci-runtime/src/time_series/models.rs,定义存在,yssbi.statistics.vec.rank_test,未注册,需核对传参与默认值,报告定义/组件存在；执行待接入,未执行,补接/重构,B4,时间顺序、滞后、对齐与模型结果,复核备注中的实现范围，贯通参数与结果；按批次补接节点并运行验收。,已定位 Johansen 秩检验；原条目是否还要求其他协整检验待明确。,只定位到 Johansen 协整秩检验，不涵盖所有协整检验。,2026-09-16,ed2f321106433943f2eb1e9c0212de9c37d335ad
122,时间序列,ECM模型,Estimator,Time-series Model,Model Node,P1,timeseries.ecm,ECM模型,,时间序列,Estimator,独立节点,初步映射（范围需细化）,,,,未定位（本轮检索）,,未发现对应内置节点,,无直接节点入口,未核对,未定位专用报告入口,未执行,新增（先确认算法与产品范围）,B4,时间顺序、滞后、对齐与模型结果,明确ECM模型的输入设计、参数、输出与参考实现后开发。,单方程 ECM 与 330 的 VECM 不直接合并。,未定位仅表示本轮在宿主 SCI/Runtime/目录/执行及相关前端中未找到直接实现，不代表已证明缺失。,2026-09-16,ed2f321106433943f2eb1e9c0212de9c37d335ad
123,时间序列,ARCH模型,Estimator,Time-series Model,Model Node,P1,timeseries.arch,ARCH模型,,时间序列,Estimator,独立节点,初步归类,,,,未定位（本轮检索）,,未发现对应内置节点,,无直接节点入口,未核对,未定位专用报告入口,未执行,新增（先确认算法与产品范围）,B4,时间顺序、滞后、对齐与模型结果,明确ARCH模型的输入设计、参数、输出与参考实现后开发。,,未定位仅表示本轮在宿主 SCI/Runtime/目录/执行及相关前端中未找到直接实现，不代表已证明缺失。,2026-09-16,ed2f321106433943f2eb1e9c0212de9c37d335ad
124,时间序列,方差分解,Post-estimation,Dynamic Analysis,Post-estimation Node,P1,timeseries.fevd,预测误差方差分解（FEVD）,方差分解;FEVD,时间序列,Post-estimation,估计后能力/节点,有源码对应（范围见备注）,332,,yssbi.statistics.var.summary,实现存在（静态）,src-tauri/crates/yss-sci/src/ts/var/estimate.rs:295,未发现对应内置节点,,无直接节点；已有能力范围见备注,需核对传参与默认值,报告定义/组件存在；执行待接入,未执行,整理关联/候选合并;复用已有能力并补入口,B4,时间顺序、滞后、对齐与模型结果,复核备注中的实现范围，贯通参数与结果；按批次补接节点并运行验收。,按 332 的 FEVD 统一入口；若原意指其他分解，应重新拆分。,FEVD 嵌入 VAR 结果；124 和 332 建议采用同一方法入口。,2026-09-16,ed2f321106433943f2eb1e9c0212de9c37d335ad
125,时间序列,灰色预测模型,Estimator,Time-series Model,Model Node,P1,timeseries.grey_prediction,灰色预测模型,,时间序列,Estimator,独立节点,初步映射（范围需细化）,,,,未定位（本轮检索）,,未发现对应内置节点,,无直接节点入口,未核对,未定位专用报告入口,未执行,新增（先确认算法与产品范围）,B4,时间顺序、滞后、对齐与模型结果,明确灰色预测模型的输入设计、参数、输出与参考实现后开发。,明确灰色预测的具体模型与参数。,未定位仅表示本轮在宿主 SCI/Runtime/目录/执行及相关前端中未找到直接实现，不代表已证明缺失。,2026-09-16,ed2f321106433943f2eb1e9c0212de9c37d335ad
126,时间序列,指数平滑,Estimator,Time-series Model,Model Node,P1,timeseries.exponential_smoothing,指数平滑,,时间序列,Estimator,独立节点,初步映射（范围需细化）,,,,未定位（本轮检索）,,未发现对应内置节点,,无直接节点入口,未核对,未定位专用报告入口,未执行,新增（先确认算法与产品范围）,B4,时间顺序、滞后、对齐与模型结果,明确指数平滑的输入设计、参数、输出与参考实现后开发。,指数平滑是方法族；与 ETS/Holt–Winters 按模型范围对应。,未定位仅表示本轮在宿主 SCI/Runtime/目录/执行及相关前端中未找到直接实现，不代表已证明缺失。,2026-09-16,ed2f321106433943f2eb1e9c0212de9c37d335ad
127,时间序列,马尔可夫预测,Estimator,Time-series Model,Model Node,P1,timeseries.markov_prediction,马尔可夫预测,,时间序列,Estimator,独立节点,初步归类,,,,未定位（本轮检索）,,未发现对应内置节点,,无直接节点入口,未核对,未定位专用报告入口,未执行,新增（先确认算法与产品范围）,B4,时间顺序、滞后、对齐与模型结果,明确马尔可夫预测的输入设计、参数、输出与参考实现后开发。,,未定位仅表示本轮在宿主 SCI/Runtime/目录/执行及相关前端中未找到直接实现，不代表已证明缺失。,2026-09-16,ed2f321106433943f2eb1e9c0212de9c37d335ad
128,空间统计,莫兰指数,Estimator,Spatial Model,Model Node,P2,spatial.moran,莫兰指数,,空间统计,Estimator,独立节点,初步归类,,,,未定位（本轮检索）,,未发现对应内置节点,,无直接节点入口,未核对,未定位专用报告入口,未执行,新增（先确认算法与产品范围）,B5,空间权重、空间索引与模型契约,明确莫兰指数的输入设计、参数、输出与参考实现后开发。,,未定位仅表示本轮在宿主 SCI/Runtime/目录/执行及相关前端中未找到直接实现，不代表已证明缺失。,2026-09-16,ed2f321106433943f2eb1e9c0212de9c37d335ad
129,空间统计,空间OLS回归,Estimator,Spatial Model,Model Node,P2,spatial.ols,空间OLS回归,,空间统计,Estimator,独立节点,初步映射（范围需细化）,,,,未定位（本轮检索）,,未发现对应内置节点,,无直接节点入口,未核对,未定位专用报告入口,未执行,新增（先确认算法与产品范围）,B5,空间权重、空间索引与模型契约,明确空间OLS回归的输入设计、参数、输出与参考实现后开发。,空间数据上的普通 OLS 与空间误差结构模型范围需明确。,未定位仅表示本轮在宿主 SCI/Runtime/目录/执行及相关前端中未找到直接实现，不代表已证明缺失。,2026-09-16,ed2f321106433943f2eb1e9c0212de9c37d335ad
130,空间统计,空间滞后SLM,Estimator,Spatial Model,Model Node,P2,spatial.slm,空间滞后SLM,,空间统计,Estimator,独立节点,初步归类,,,,未定位（本轮检索）,,未发现对应内置节点,,无直接节点入口,未核对,未定位专用报告入口,未执行,新增（先确认算法与产品范围）,B5,空间权重、空间索引与模型契约,明确空间滞后SLM的输入设计、参数、输出与参考实现后开发。,,未定位仅表示本轮在宿主 SCI/Runtime/目录/执行及相关前端中未找到直接实现，不代表已证明缺失。,2026-09-16,ed2f321106433943f2eb1e9c0212de9c37d335ad
131,空间统计,空间误差SEM,Estimator,Spatial Model,Model Node,P2,spatial.sem,空间误差SEM,,空间统计,Estimator,独立节点,初步归类,,,,未定位（本轮检索）,,未发现对应内置节点,,无直接节点入口,未核对,未定位专用报告入口,未执行,新增（先确认算法与产品范围）,B5,空间权重、空间索引与模型契约,明确空间误差SEM的输入设计、参数、输出与参考实现后开发。,,未定位仅表示本轮在宿主 SCI/Runtime/目录/执行及相关前端中未找到直接实现，不代表已证明缺失。,2026-09-16,ed2f321106433943f2eb1e9c0212de9c37d335ad
132,空间统计,空间滞后误差模型SAC,Estimator,Spatial Model,Model Node,P2,spatial.sac,空间滞后误差模型SAC,,空间统计,Estimator,独立节点,初步归类,,,,未定位（本轮检索）,,未发现对应内置节点,,无直接节点入口,未核对,未定位专用报告入口,未执行,新增（先确认算法与产品范围）,B5,空间权重、空间索引与模型契约,明确空间滞后误差模型SAC的输入设计、参数、输出与参考实现后开发。,,未定位仅表示本轮在宿主 SCI/Runtime/目录/执行及相关前端中未找到直接实现，不代表已证明缺失。,2026-09-16,ed2f321106433943f2eb1e9c0212de9c37d335ad
133,空间统计,空间杜宾SDM,Estimator,Spatial Model,Model Node,P2,spatial.sdm,空间杜宾SDM,,空间统计,Estimator,独立节点,初步归类,,,,未定位（本轮检索）,,未发现对应内置节点,,无直接节点入口,未核对,未定位专用报告入口,未执行,新增（先确认算法与产品范围）,B5,空间权重、空间索引与模型契约,明确空间杜宾SDM的输入设计、参数、输出与参考实现后开发。,,未定位仅表示本轮在宿主 SCI/Runtime/目录/执行及相关前端中未找到直接实现，不代表已证明缺失。,2026-09-16,ed2f321106433943f2eb1e9c0212de9c37d335ad
134,空间统计,空间杜宾误差SDEM,Estimator,Spatial Model,Model Node,P2,spatial.sdem,空间杜宾误差SDEM,,空间统计,Estimator,独立节点,初步归类,,,,未定位（本轮检索）,,未发现对应内置节点,,无直接节点入口,未核对,未定位专用报告入口,未执行,新增（先确认算法与产品范围）,B5,空间权重、空间索引与模型契约,明确空间杜宾误差SDEM的输入设计、参数、输出与参考实现后开发。,,未定位仅表示本轮在宿主 SCI/Runtime/目录/执行及相关前端中未找到直接实现，不代表已证明缺失。,2026-09-16,ed2f321106433943f2eb1e9c0212de9c37d335ad
135,空间统计,空间权重构造,Transform,Weight/Design,Transform Node,P0,spatial.weights,空间权重构造,,空间统计,Transform,分析设计对象,初步映射（范围需细化）,,,,未定位（本轮检索）,,未发现对应内置节点,,无直接节点入口,未核对,未定位专用报告入口,未执行,明确产品形态后复用/新增,B5,空间权重、空间索引与模型契约,明确空间权重构造的输入设计、参数、输出与参考实现后开发。,权重矩阵的索引对应、标准化和邻接规则先于空间模型实现。,未定位仅表示本轮在宿主 SCI/Runtime/目录/执行及相关前端中未找到直接实现，不代表已证明缺失。,2026-09-16,ed2f321106433943f2eb1e9c0212de9c37d335ad
136,空间统计,自变量空间滞后SLX,Estimator,Spatial Model,Model Node,P2,spatial.slx,自变量空间滞后SLX,,空间统计,Estimator,独立节点,初步归类,,,,未定位（本轮检索）,,未发现对应内置节点,,无直接节点入口,未核对,未定位专用报告入口,未执行,新增（先确认算法与产品范围）,B5,空间权重、空间索引与模型契约,明确自变量空间滞后SLX的输入设计、参数、输出与参考实现后开发。,,未定位仅表示本轮在宿主 SCI/Runtime/目录/执行及相关前端中未找到直接实现，不代表已证明缺失。,2026-09-16,ed2f321106433943f2eb1e9c0212de9c37d335ad
137,空间统计,空间面板模型,Estimator,Spatial Model,Model Node,P2,spatial.panel,空间面板模型,,空间统计,Estimator,独立节点,初步归类,,,,未定位（本轮检索）,,未发现对应内置节点,,无直接节点入口,未核对,未定位专用报告入口,未执行,新增（先确认算法与产品范围）,B5,空间权重、空间索引与模型契约,明确空间面板模型的输入设计、参数、输出与参考实现后开发。,,未定位仅表示本轮在宿主 SCI/Runtime/目录/执行及相关前端中未找到直接实现，不代表已证明缺失。,2026-09-16,ed2f321106433943f2eb1e9c0212de9c37d335ad
138,空间统计,似不相关回归SUR,Estimator,Spatial Model,Model Node,P2,econometrics.sur,似不相关回归SUR,,计量经济与因果推断,Estimator,独立节点,初步映射（范围需细化）,,,,未定位（本轮检索）,,未发现对应内置节点,,无直接节点入口,未核对,未定位专用报告入口,未执行,新增（先确认算法与产品范围）,B4,空间权重、空间索引与模型契约,明确似不相关回归SUR的输入设计、参数、输出与参考实现后开发。,SUR 归入计量模型，原空间分类作为来源保留。,未定位仅表示本轮在宿主 SCI/Runtime/目录/执行及相关前端中未找到直接实现，不代表已证明缺失。,2026-09-16,ed2f321106433943f2eb1e9c0212de9c37d335ad
139,SEM/问卷/因果路径,信度,Estimator,SEM/Psychometrics,Model Node,P2,psychometrics.reliability,信度,,SEM与问卷分析,Estimator,独立节点,初步映射（范围需细化）,,,,未定位（本轮检索）,,未发现对应内置节点,,无直接节点入口,未核对,未定位专用报告入口,未执行,新增（先确认算法与产品范围）,B5,测量模型、问卷编码与路径设计,明确信度的输入设计、参数、输出与参考实现后开发。,信度是方法族，需明确 alpha/omega/重测等范围。,未定位仅表示本轮在宿主 SCI/Runtime/目录/执行及相关前端中未找到直接实现，不代表已证明缺失。,2026-09-16,ed2f321106433943f2eb1e9c0212de9c37d335ad
140,SEM/问卷/因果路径,效度,Estimator,SEM/Psychometrics,Model Node,P2,psychometrics.validity,效度,,SEM与问卷分析,Estimator,独立节点,初步映射（范围需细化）,,,,未定位（本轮检索）,,未发现对应内置节点,,无直接节点入口,未核对,未定位专用报告入口,未执行,新增（先确认算法与产品范围）,B5,测量模型、问卷编码与路径设计,明确效度的输入设计、参数、输出与参考实现后开发。,效度不是单一统计方法，需明确结构/聚合/区分等产物。,未定位仅表示本轮在宿主 SCI/Runtime/目录/执行及相关前端中未找到直接实现，不代表已证明缺失。,2026-09-16,ed2f321106433943f2eb1e9c0212de9c37d335ad
141,SEM/问卷/因果路径,内容效度,Estimator,SEM/Psychometrics,Model Node,P2,psychometrics.content_validity,内容效度,,SEM与问卷分析,Estimator,独立节点,初步归类,,,,未定位（本轮检索）,,未发现对应内置节点,,无直接节点入口,未核对,未定位专用报告入口,未执行,新增（先确认算法与产品范围）,B5,测量模型、问卷编码与路径设计,明确内容效度的输入设计、参数、输出与参考实现后开发。,,未定位仅表示本轮在宿主 SCI/Runtime/目录/执行及相关前端中未找到直接实现，不代表已证明缺失。,2026-09-16,ed2f321106433943f2eb1e9c0212de9c37d335ad
142,SEM/问卷/因果路径,项目分析,Estimator,SEM/Psychometrics,Model Node,P2,psychometrics.item_analysis,项目分析,,SEM与问卷分析,Estimator,独立节点,初步归类,,,,未定位（本轮检索）,,未发现对应内置节点,,无直接节点入口,未核对,未定位专用报告入口,未执行,新增（先确认算法与产品范围）,B5,测量模型、问卷编码与路径设计,明确项目分析的输入设计、参数、输出与参考实现后开发。,,未定位仅表示本轮在宿主 SCI/Runtime/目录/执行及相关前端中未找到直接实现，不代表已证明缺失。,2026-09-16,ed2f321106433943f2eb1e9c0212de9c37d335ad
143,SEM/问卷/因果路径,验证性因子分析CFA,Estimator,SEM/Psychometrics,Model Node,P2,sem.cfa,验证性因子分析CFA,,SEM与问卷分析,Estimator,独立节点,初步归类,,,,未定位（本轮检索）,,未发现对应内置节点,,无直接节点入口,未核对,未定位专用报告入口,未执行,新增（先确认算法与产品范围）,B5,测量模型、问卷编码与路径设计,明确验证性因子分析CFA的输入设计、参数、输出与参考实现后开发。,,未定位仅表示本轮在宿主 SCI/Runtime/目录/执行及相关前端中未找到直接实现，不代表已证明缺失。,2026-09-16,ed2f321106433943f2eb1e9c0212de9c37d335ad
144,SEM/问卷/因果路径,路径分析,Estimator,SEM/Psychometrics,Model Node,P2,sem.path,路径分析,,SEM与问卷分析,Estimator,独立节点,初步归类,,,,未定位（本轮检索）,,未发现对应内置节点,,无直接节点入口,未核对,未定位专用报告入口,未执行,新增（先确认算法与产品范围）,B5,测量模型、问卷编码与路径设计,明确路径分析的输入设计、参数、输出与参考实现后开发。,,未定位仅表示本轮在宿主 SCI/Runtime/目录/执行及相关前端中未找到直接实现，不代表已证明缺失。,2026-09-16,ed2f321106433943f2eb1e9c0212de9c37d335ad
145,SEM/问卷/因果路径,结构方程模型SEM,Estimator,SEM/Psychometrics,Model Node,P2,sem.structural,结构方程模型SEM,,SEM与问卷分析,Estimator,独立节点,初步归类,,,,未定位（本轮检索）,,未发现对应内置节点,,无直接节点入口,未核对,未定位专用报告入口,未执行,新增（先确认算法与产品范围）,B5,测量模型、问卷编码与路径设计,明确结构方程模型SEM的输入设计、参数、输出与参考实现后开发。,,未定位仅表示本轮在宿主 SCI/Runtime/目录/执行及相关前端中未找到直接实现，不代表已证明缺失。,2026-09-16,ed2f321106433943f2eb1e9c0212de9c37d335ad
146,SEM/问卷/因果路径,调节作用,Estimator,SEM/Psychometrics,Model Node,P2,workflow.moderation,调节作用,,SEM与问卷分析,Estimator,工作流模板,初步归类,,,,未定位（本轮检索）,,未发现对应内置节点,,无直接节点入口,未核对,未定位专用报告入口,未执行,明确产品形态后复用/新增,B5,测量模型、问卷编码与路径设计,明确调节作用的输入设计、参数、输出与参考实现后开发。,,未定位仅表示本轮在宿主 SCI/Runtime/目录/执行及相关前端中未找到直接实现，不代表已证明缺失。,2026-09-16,ed2f321106433943f2eb1e9c0212de9c37d335ad
147,SEM/问卷/因果路径,调节作用（进阶）,Estimator,SEM/Psychometrics,Model Node,P2,workflow.moderation_advanced,调节作用（进阶）,,SEM与问卷分析,Estimator,工作流模板,初步映射（范围需细化）,,,,未定位（本轮检索）,,未发现对应内置节点,,无直接节点入口,未核对,未定位专用报告入口,未执行,明确产品形态后复用/新增,B5,测量模型、问卷编码与路径设计,明确调节作用（进阶）的输入设计、参数、输出与参考实现后开发。,进阶调节的交互形式与 146 的差异尚未定义。,未定位仅表示本轮在宿主 SCI/Runtime/目录/执行及相关前端中未找到直接实现，不代表已证明缺失。,2026-09-16,ed2f321106433943f2eb1e9c0212de9c37d335ad
148,SEM/问卷/因果路径,中介作用,Estimator,SEM/Psychometrics,Model Node,P2,workflow.mediation,中介作用,,SEM与问卷分析,Estimator,工作流模板,初步归类,,,,未定位（本轮检索）,,未发现对应内置节点,,无直接节点入口,未核对,未定位专用报告入口,未执行,明确产品形态后复用/新增,B5,测量模型、问卷编码与路径设计,明确中介作用的输入设计、参数、输出与参考实现后开发。,,未定位仅表示本轮在宿主 SCI/Runtime/目录/执行及相关前端中未找到直接实现，不代表已证明缺失。,2026-09-16,ed2f321106433943f2eb1e9c0212de9c37d335ad
149,SEM/问卷/因果路径,调节中介,Estimator,SEM/Psychometrics,Model Node,P2,workflow.moderated_mediation,调节中介,,SEM与问卷分析,Estimator,工作流模板,初步归类,,,,未定位（本轮检索）,,未发现对应内置节点,,无直接节点入口,未核对,未定位专用报告入口,未执行,明确产品形态后复用/新增,B5,测量模型、问卷编码与路径设计,明确调节中介的输入设计、参数、输出与参考实现后开发。,,未定位仅表示本轮在宿主 SCI/Runtime/目录/执行及相关前端中未找到直接实现，不代表已证明缺失。,2026-09-16,ed2f321106433943f2eb1e9c0212de9c37d335ad
150,SEM/问卷/因果路径,共同方法偏差（Harman检验）,Diagnostic,Model Diagnostics,Diagnostic Node,P2,diagnostic.harman,共同方法偏差（Harman检验）,,SEM与问卷分析,Diagnostic,估计后能力/节点,初步归类,,,,未定位（本轮检索）,,未发现对应内置节点,,无直接节点入口,未核对,未定位专用报告入口,未执行,新增（先确认算法与产品范围）,B5,测量模型、问卷编码与路径设计,明确共同方法偏差（Harman检验）的输入设计、参数、输出与参考实现后开发。,,未定位仅表示本轮在宿主 SCI/Runtime/目录/执行及相关前端中未找到直接实现，不代表已证明缺失。,2026-09-16,ed2f321106433943f2eb1e9c0212de9c37d335ad
151,SEM/问卷/因果路径,多选题,Estimator,SEM/Psychometrics,Model Node,P2,survey_questions.multiple,多选题,,SEM与问卷分析,Estimator,工作流模板,初步归类,,,,未定位（本轮检索）,,未发现对应内置节点,,无直接节点入口,未核对,未定位专用报告入口,未执行,明确产品形态后复用/新增,B5,测量模型、问卷编码与路径设计,明确多选题的输入设计、参数、输出与参考实现后开发。,,未定位仅表示本轮在宿主 SCI/Runtime/目录/执行及相关前端中未找到直接实现，不代表已证明缺失。,2026-09-16,ed2f321106433943f2eb1e9c0212de9c37d335ad
152,SEM/问卷/因果路径,单选-多选,Estimator,SEM/Psychometrics,Model Node,P2,survey_questions.single_multiple,单选-多选,,SEM与问卷分析,Estimator,工作流模板,初步归类,,,,未定位（本轮检索）,,未发现对应内置节点,,无直接节点入口,未核对,未定位专用报告入口,未执行,明确产品形态后复用/新增,B5,测量模型、问卷编码与路径设计,明确单选-多选的输入设计、参数、输出与参考实现后开发。,,未定位仅表示本轮在宿主 SCI/Runtime/目录/执行及相关前端中未找到直接实现，不代表已证明缺失。,2026-09-16,ed2f321106433943f2eb1e9c0212de9c37d335ad
153,SEM/问卷/因果路径,多选-单选,Estimator,SEM/Psychometrics,Model Node,P2,survey_questions.multiple_single,多选-单选,,SEM与问卷分析,Estimator,工作流模板,初步归类,,,,未定位（本轮检索）,,未发现对应内置节点,,无直接节点入口,未核对,未定位专用报告入口,未执行,明确产品形态后复用/新增,B5,测量模型、问卷编码与路径设计,明确多选-单选的输入设计、参数、输出与参考实现后开发。,,未定位仅表示本轮在宿主 SCI/Runtime/目录/执行及相关前端中未找到直接实现，不代表已证明缺失。,2026-09-16,ed2f321106433943f2eb1e9c0212de9c37d335ad
154,SEM/问卷/因果路径,多选-多选,Estimator,SEM/Psychometrics,Model Node,P2,survey_questions.multiple_multiple,多选-多选,,SEM与问卷分析,Estimator,工作流模板,初步归类,,,,未定位（本轮检索）,,未发现对应内置节点,,无直接节点入口,未核对,未定位专用报告入口,未执行,明确产品形态后复用/新增,B5,测量模型、问卷编码与路径设计,明确多选-多选的输入设计、参数、输出与参考实现后开发。,,未定位仅表示本轮在宿主 SCI/Runtime/目录/执行及相关前端中未找到直接实现，不代表已证明缺失。,2026-09-16,ed2f321106433943f2eb1e9c0212de9c37d335ad
155,综合评价/决策分析,权重,Estimator,Decision/Composite Method,Analysis Node,P2,decision.weights,权重,,综合评价与决策分析,Estimator,独立节点,初步映射（范围需细化）,,,,未定位（本轮检索）,,未发现对应内置节点,,无直接节点入口,未核对,未定位专用报告入口,未执行,新增（先确认算法与产品范围）,B5,指标方向、标准化与权重规则,明确权重的输入设计、参数、输出与参考实现后开发。,综合评价权重需指定算法；不与 Survey/回归权重合并。,未定位仅表示本轮在宿主 SCI/Runtime/目录/执行及相关前端中未找到直接实现，不代表已证明缺失。,2026-09-16,ed2f321106433943f2eb1e9c0212de9c37d335ad
156,综合评价/决策分析,AHP层次分析,Estimator,Decision/Composite Method,Analysis Node,P2,decision.ahp,AHP层次分析,,综合评价与决策分析,Estimator,独立节点,初步归类,,,,未定位（本轮检索）,,未发现对应内置节点,,无直接节点入口,未核对,未定位专用报告入口,未执行,新增（先确认算法与产品范围）,B5,指标方向、标准化与权重规则,明确AHP层次分析的输入设计、参数、输出与参考实现后开发。,,未定位仅表示本轮在宿主 SCI/Runtime/目录/执行及相关前端中未找到直接实现，不代表已证明缺失。,2026-09-16,ed2f321106433943f2eb1e9c0212de9c37d335ad
157,综合评价/决策分析,熵值法,Estimator,Decision/Composite Method,Analysis Node,P2,decision.entropy_weight,熵值法,,综合评价与决策分析,Estimator,独立节点,初步归类,,,,未定位（本轮检索）,,未发现对应内置节点,,无直接节点入口,未核对,未定位专用报告入口,未执行,新增（先确认算法与产品范围）,B5,指标方向、标准化与权重规则,明确熵值法的输入设计、参数、输出与参考实现后开发。,,未定位仅表示本轮在宿主 SCI/Runtime/目录/执行及相关前端中未找到直接实现，不代表已证明缺失。,2026-09-16,ed2f321106433943f2eb1e9c0212de9c37d335ad
158,综合评价/决策分析,模糊综合评价,Estimator,Decision/Composite Method,Analysis Node,P2,decision.fuzzy_evaluation,模糊综合评价,,综合评价与决策分析,Estimator,独立节点,初步归类,,,,未定位（本轮检索）,,未发现对应内置节点,,无直接节点入口,未核对,未定位专用报告入口,未执行,新增（先确认算法与产品范围）,B5,指标方向、标准化与权重规则,明确模糊综合评价的输入设计、参数、输出与参考实现后开发。,,未定位仅表示本轮在宿主 SCI/Runtime/目录/执行及相关前端中未找到直接实现，不代表已证明缺失。,2026-09-16,ed2f321106433943f2eb1e9c0212de9c37d335ad
159,综合评价/决策分析,灰色关联法,Estimator,Decision/Composite Method,Analysis Node,P2,decision.grey_relational,灰色关联法,,综合评价与决策分析,Estimator,独立节点,初步归类,,,,未定位（本轮检索）,,未发现对应内置节点,,无直接节点入口,未核对,未定位专用报告入口,未执行,新增（先确认算法与产品范围）,B5,指标方向、标准化与权重规则,明确灰色关联法的输入设计、参数、输出与参考实现后开发。,,未定位仅表示本轮在宿主 SCI/Runtime/目录/执行及相关前端中未找到直接实现，不代表已证明缺失。,2026-09-16,ed2f321106433943f2eb1e9c0212de9c37d335ad
160,综合评价/决策分析,TOPSIS,Estimator,Decision/Composite Method,Analysis Node,P2,decision.topsis,TOPSIS,,综合评价与决策分析,Estimator,独立节点,初步归类,,,,未定位（本轮检索）,,未发现对应内置节点,,无直接节点入口,未核对,未定位专用报告入口,未执行,新增（先确认算法与产品范围）,B5,指标方向、标准化与权重规则,明确TOPSIS的输入设计、参数、输出与参考实现后开发。,,未定位仅表示本轮在宿主 SCI/Runtime/目录/执行及相关前端中未找到直接实现，不代表已证明缺失。,2026-09-16,ed2f321106433943f2eb1e9c0212de9c37d335ad
161,综合评价/决策分析,WRSR秩和比,Estimator,Decision/Composite Method,Analysis Node,P2,decision.wrsr,WRSR秩和比,,综合评价与决策分析,Estimator,独立节点,初步归类,,,,未定位（本轮检索）,,未发现对应内置节点,,无直接节点入口,未核对,未定位专用报告入口,未执行,新增（先确认算法与产品范围）,B5,指标方向、标准化与权重规则,明确WRSR秩和比的输入设计、参数、输出与参考实现后开发。,,未定位仅表示本轮在宿主 SCI/Runtime/目录/执行及相关前端中未找到直接实现，不代表已证明缺失。,2026-09-16,ed2f321106433943f2eb1e9c0212de9c37d335ad
162,综合评价/决策分析,CRITIC权重,Estimator,Decision/Composite Method,Analysis Node,P2,decision.critic,CRITIC权重,,综合评价与决策分析,Estimator,独立节点,初步归类,,,,未定位（本轮检索）,,未发现对应内置节点,,无直接节点入口,未核对,未定位专用报告入口,未执行,新增（先确认算法与产品范围）,B5,指标方向、标准化与权重规则,明确CRITIC权重的输入设计、参数、输出与参考实现后开发。,,未定位仅表示本轮在宿主 SCI/Runtime/目录/执行及相关前端中未找到直接实现，不代表已证明缺失。,2026-09-16,ed2f321106433943f2eb1e9c0212de9c37d335ad
163,综合评价/决策分析,独立性权重,Estimator,Decision/Composite Method,Analysis Node,P2,decision.independence_weight,独立性权重,,综合评价与决策分析,Estimator,独立节点,初步归类,,,,未定位（本轮检索）,,未发现对应内置节点,,无直接节点入口,未核对,未定位专用报告入口,未执行,新增（先确认算法与产品范围）,B5,指标方向、标准化与权重规则,明确独立性权重的输入设计、参数、输出与参考实现后开发。,,未定位仅表示本轮在宿主 SCI/Runtime/目录/执行及相关前端中未找到直接实现，不代表已证明缺失。,2026-09-16,ed2f321106433943f2eb1e9c0212de9c37d335ad
164,综合评价/决策分析,信息量权重,Estimator,Decision/Composite Method,Analysis Node,P2,decision.information_weight,信息量权重,,综合评价与决策分析,Estimator,独立节点,初步映射（范围需细化）,,,,未定位（本轮检索）,,未发现对应内置节点,,无直接节点入口,未核对,未定位专用报告入口,未执行,新增（先确认算法与产品范围）,B5,指标方向、标准化与权重规则,明确信息量权重的输入设计、参数、输出与参考实现后开发。,确认信息量权重的具体定义及其与熵权的差异。,未定位仅表示本轮在宿主 SCI/Runtime/目录/执行及相关前端中未找到直接实现，不代表已证明缺失。,2026-09-16,ed2f321106433943f2eb1e9c0212de9c37d335ad
165,综合评价/决策分析,耦合协调度,Estimator,Decision/Composite Method,Analysis Node,P2,decision.coupling_coordination,耦合协调度,,综合评价与决策分析,Estimator,独立节点,初步归类,,,,未定位（本轮检索）,,未发现对应内置节点,,无直接节点入口,未核对,未定位专用报告入口,未执行,新增（先确认算法与产品范围）,B5,指标方向、标准化与权重规则,明确耦合协调度的输入设计、参数、输出与参考实现后开发。,,未定位仅表示本轮在宿主 SCI/Runtime/目录/执行及相关前端中未找到直接实现，不代表已证明缺失。,2026-09-16,ed2f321106433943f2eb1e9c0212de9c37d335ad
166,综合评价/决策分析,熵权TOPSIS,Estimator,Decision/Composite Method,Analysis Node,P2,workflow.entropy_topsis,熵权TOPSIS,,综合评价与决策分析,Estimator,工作流模板,初步归类,,,,未定位（本轮检索）,,未发现对应内置节点,,无直接节点入口,未核对,未定位专用报告入口,未执行,明确产品形态后复用/新增,B5,指标方向、标准化与权重规则,明确熵权TOPSIS的输入设计、参数、输出与参考实现后开发。,,未定位仅表示本轮在宿主 SCI/Runtime/目录/执行及相关前端中未找到直接实现，不代表已证明缺失。,2026-09-16,ed2f321106433943f2eb1e9c0212de9c37d335ad
167,综合评价/决策分析,DEA,Estimator,Decision/Composite Method,Analysis Node,P2,decision.dea,DEA,,综合评价与决策分析,Estimator,独立节点,初步归类,,,,未定位（本轮检索）,,未发现对应内置节点,,无直接节点入口,未核对,未定位专用报告入口,未执行,新增（先确认算法与产品范围）,B5,指标方向、标准化与权重规则,明确DEA的输入设计、参数、输出与参考实现后开发。,,未定位仅表示本轮在宿主 SCI/Runtime/目录/执行及相关前端中未找到直接实现，不代表已证明缺失。,2026-09-16,ed2f321106433943f2eb1e9c0212de9c37d335ad
168,综合评价/决策分析,DEMATEL,Estimator,Decision/Composite Method,Analysis Node,P2,decision.dematel,DEMATEL,,综合评价与决策分析,Estimator,独立节点,初步归类,,,,未定位（本轮检索）,,未发现对应内置节点,,无直接节点入口,未核对,未定位专用报告入口,未执行,新增（先确认算法与产品范围）,B5,指标方向、标准化与权重规则,明确DEMATEL的输入设计、参数、输出与参考实现后开发。,,未定位仅表示本轮在宿主 SCI/Runtime/目录/执行及相关前端中未找到直接实现，不代表已证明缺失。,2026-09-16,ed2f321106433943f2eb1e9c0212de9c37d335ad
169,综合评价/决策分析,VIKOR,Estimator,Decision/Composite Method,Analysis Node,P2,decision.vikor,VIKOR,,综合评价与决策分析,Estimator,独立节点,初步归类,,,,未定位（本轮检索）,,未发现对应内置节点,,无直接节点入口,未核对,未定位专用报告入口,未执行,新增（先确认算法与产品范围）,B5,指标方向、标准化与权重规则,明确VIKOR的输入设计、参数、输出与参考实现后开发。,,未定位仅表示本轮在宿主 SCI/Runtime/目录/执行及相关前端中未找到直接实现，不代表已证明缺失。,2026-09-16,ed2f321106433943f2eb1e9c0212de9c37d335ad
170,综合评价/决策分析,ISM,Estimator,Decision/Composite Method,Analysis Node,P2,decision.ism,ISM,,综合评价与决策分析,Estimator,独立节点,初步归类,,,,未定位（本轮检索）,,未发现对应内置节点,,无直接节点入口,未核对,未定位专用报告入口,未执行,新增（先确认算法与产品范围）,B5,指标方向、标准化与权重规则,明确ISM的输入设计、参数、输出与参考实现后开发。,,未定位仅表示本轮在宿主 SCI/Runtime/目录/执行及相关前端中未找到直接实现，不代表已证明缺失。,2026-09-16,ed2f321106433943f2eb1e9c0212de9c37d335ad
171,综合评价/决策分析,综合指数,Estimator,Decision/Composite Method,Analysis Node,P2,decision.composite_index,综合指数,,综合评价与决策分析,Estimator,独立节点,初步映射（范围需细化）,,,,未定位（本轮检索）,,未发现对应内置节点,,无直接节点入口,未核对,未定位专用报告入口,未执行,新增（先确认算法与产品范围）,B5,指标方向、标准化与权重规则,明确综合指数的输入设计、参数、输出与参考实现后开发。,明确综合指数的标准化、加权和汇总规则。,未定位仅表示本轮在宿主 SCI/Runtime/目录/执行及相关前端中未找到直接实现，不代表已证明缺失。,2026-09-16,ed2f321106433943f2eb1e9c0212de9c37d335ad
172,综合评价/决策分析,障碍度,Estimator,Decision/Composite Method,Analysis Node,P2,decision.obstacle_degree,障碍度,,综合评价与决策分析,Estimator,独立节点,初步归类,,,,未定位（本轮检索）,,未发现对应内置节点,,无直接节点入口,未核对,未定位专用报告入口,未执行,新增（先确认算法与产品范围）,B5,指标方向、标准化与权重规则,明确障碍度的输入设计、参数、输出与参考实现后开发。,,未定位仅表示本轮在宿主 SCI/Runtime/目录/执行及相关前端中未找到直接实现，不代表已证明缺失。,2026-09-16,ed2f321106433943f2eb1e9c0212de9c37d335ad
173,综合评价/决策分析,Malmquist指数,Estimator,Decision/Composite Method,Analysis Node,P2,decision.malmquist,Malmquist指数,,综合评价与决策分析,Estimator,独立节点,初步归类,,,,未定位（本轮检索）,,未发现对应内置节点,,无直接节点入口,未核对,未定位专用报告入口,未执行,新增（先确认算法与产品范围）,B5,指标方向、标准化与权重规则,明确Malmquist指数的输入设计、参数、输出与参考实现后开发。,,未定位仅表示本轮在宿主 SCI/Runtime/目录/执行及相关前端中未找到直接实现，不代表已证明缺失。,2026-09-16,ed2f321106433943f2eb1e9c0212de9c37d335ad
174,综合评价/决策分析,SBM,Estimator,Decision/Composite Method,Analysis Node,P2,decision.sbm,SBM,,综合评价与决策分析,Estimator,独立节点,初步归类,,,,未定位（本轮检索）,,未发现对应内置节点,,无直接节点入口,未核对,未定位专用报告入口,未执行,新增（先确认算法与产品范围）,B5,指标方向、标准化与权重规则,明确SBM的输入设计、参数、输出与参考实现后开发。,,未定位仅表示本轮在宿主 SCI/Runtime/目录/执行及相关前端中未找到直接实现，不代表已证明缺失。,2026-09-16,ed2f321106433943f2eb1e9c0212de9c37d335ad
175,综合评价/决策分析,功效系数,Estimator,Decision/Composite Method,Analysis Node,P2,decision.efficacy_coefficient,功效系数,,综合评价与决策分析,Estimator,独立节点,初步归类,,,,未定位（本轮检索）,,未发现对应内置节点,,无直接节点入口,未核对,未定位专用报告入口,未执行,新增（先确认算法与产品范围）,B5,指标方向、标准化与权重规则,明确功效系数的输入设计、参数、输出与参考实现后开发。,,未定位仅表示本轮在宿主 SCI/Runtime/目录/执行及相关前端中未找到直接实现，不代表已证明缺失。,2026-09-16,ed2f321106433943f2eb1e9c0212de9c37d335ad
176,综合评价/决策分析,德尔菲法,Estimator,Decision/Composite Method,Analysis Node,P2,workflow.delphi,德尔菲法,,综合评价与决策分析,Estimator,工作流模板,初步映射（范围需细化）,,,,未定位（本轮检索）,,未发现对应内置节点,,无直接节点入口,未核对,未定位专用报告入口,未执行,明确产品形态后复用/新增,B5,指标方向、标准化与权重规则,明确德尔菲法的输入设计、参数、输出与参考实现后开发。,德尔菲法包含专家调查流程，统计计算部分需单独界定。,未定位仅表示本轮在宿主 SCI/Runtime/目录/执行及相关前端中未找到直接实现，不代表已证明缺失。,2026-09-16,ed2f321106433943f2eb1e9c0212de9c37d335ad
177,综合评价/决策分析,模糊层次法FAHP,Estimator,Decision/Composite Method,Analysis Node,P2,decision.fahp,模糊层次法FAHP,,综合评价与决策分析,Estimator,独立节点,初步归类,,,,未定位（本轮检索）,,未发现对应内置节点,,无直接节点入口,未核对,未定位专用报告入口,未执行,新增（先确认算法与产品范围）,B5,指标方向、标准化与权重规则,明确模糊层次法FAHP的输入设计、参数、输出与参考实现后开发。,,未定位仅表示本轮在宿主 SCI/Runtime/目录/执行及相关前端中未找到直接实现，不代表已证明缺失。,2026-09-16,ed2f321106433943f2eb1e9c0212de9c37d335ad
178,综合评价/决策分析,最好最差权重BWM,Estimator,Decision/Composite Method,Analysis Node,P2,decision.bwm,最好最差权重BWM,,综合评价与决策分析,Estimator,独立节点,初步归类,,,,未定位（本轮检索）,,未发现对应内置节点,,无直接节点入口,未核对,未定位专用报告入口,未执行,新增（先确认算法与产品范围）,B5,指标方向、标准化与权重规则,明确最好最差权重BWM的输入设计、参数、输出与参考实现后开发。,,未定位仅表示本轮在宿主 SCI/Runtime/目录/执行及相关前端中未找到直接实现，不代表已证明缺失。,2026-09-16,ed2f321106433943f2eb1e9c0212de9c37d335ad
179,综合评价/决策分析,KANO模型,Estimator,Decision/Composite Method,Analysis Node,P2,decision.kano,KANO模型,,综合评价与决策分析,Estimator,独立节点,初步归类,,,,未定位（本轮检索）,,未发现对应内置节点,,无直接节点入口,未核对,未定位专用报告入口,未执行,新增（先确认算法与产品范围）,B5,指标方向、标准化与权重规则,明确KANO模型的输入设计、参数、输出与参考实现后开发。,,未定位仅表示本轮在宿主 SCI/Runtime/目录/执行及相关前端中未找到直接实现，不代表已证明缺失。,2026-09-16,ed2f321106433943f2eb1e9c0212de9c37d335ad
180,综合评价/决策分析,NPS,Estimator,Decision/Composite Method,Analysis Node,P2,decision.nps,NPS,,综合评价与决策分析,Estimator,独立节点,初步归类,,,,未定位（本轮检索）,,未发现对应内置节点,,无直接节点入口,未核对,未定位专用报告入口,未执行,新增（先确认算法与产品范围）,B5,指标方向、标准化与权重规则,明确NPS的输入设计、参数、输出与参考实现后开发。,,未定位仅表示本轮在宿主 SCI/Runtime/目录/执行及相关前端中未找到直接实现，不代表已证明缺失。,2026-09-16,ed2f321106433943f2eb1e9c0212de9c37d335ad
181,综合评价/决策分析,PSM,Estimator,Decision/Composite Method,Analysis Node,P2,decision.psm,PSM,,综合评价与决策分析,Estimator,独立节点,初步映射（范围需细化）,,,,未定位（本轮检索）,,未发现对应内置节点,,无直接节点入口,未核对,未定位专用报告入口,未执行,新增（先确认算法与产品范围）,B5,指标方向、标准化与权重规则,明确PSM的输入设计、参数、输出与参考实现后开发。,此处 PSM 位于决策分类，不能与因果倾向得分匹配 107 合并；需确认是否为价格敏感度模型。,未定位仅表示本轮在宿主 SCI/Runtime/目录/执行及相关前端中未找到直接实现，不代表已证明缺失。,2026-09-16,ed2f321106433943f2eb1e9c0212de9c37d335ad
182,综合评价/决策分析,联合分析,Estimator,Decision/Composite Method,Analysis Node,P2,decision.conjoint,联合分析,,综合评价与决策分析,Estimator,独立节点,初步归类,,,,未定位（本轮检索）,,未发现对应内置节点,,无直接节点入口,未核对,未定位专用报告入口,未执行,新增（先确认算法与产品范围）,B5,指标方向、标准化与权重规则,明确联合分析的输入设计、参数、输出与参考实现后开发。,,未定位仅表示本轮在宿主 SCI/Runtime/目录/执行及相关前端中未找到直接实现，不代表已证明缺失。,2026-09-16,ed2f321106433943f2eb1e9c0212de9c37d335ad
183,综合评价/决策分析,Turf组合模型,Estimator,Decision/Composite Method,Analysis Node,P2,decision.turf,Turf组合模型,,综合评价与决策分析,Estimator,独立节点,初步归类,,,,未定位（本轮检索）,,未发现对应内置节点,,无直接节点入口,未核对,未定位专用报告入口,未执行,新增（先确认算法与产品范围）,B5,指标方向、标准化与权重规则,明确Turf组合模型的输入设计、参数、输出与参考实现后开发。,,未定位仅表示本轮在宿主 SCI/Runtime/目录/执行及相关前端中未找到直接实现，不代表已证明缺失。,2026-09-16,ed2f321106433943f2eb1e9c0212de9c37d335ad
184,综合评价/决策分析,RFM模型,Estimator,Decision/Composite Method,Analysis Node,P2,decision.rfm,RFM模型,,综合评价与决策分析,Estimator,独立节点,初步归类,,,,未定位（本轮检索）,,未发现对应内置节点,,无直接节点入口,未核对,未定位专用报告入口,未执行,新增（先确认算法与产品范围）,B5,指标方向、标准化与权重规则,明确RFM模型的输入设计、参数、输出与参考实现后开发。,,未定位仅表示本轮在宿主 SCI/Runtime/目录/执行及相关前端中未找到直接实现，不代表已证明缺失。,2026-09-16,ed2f321106433943f2eb1e9c0212de9c37d335ad
185,机器学习,决策树,Estimator,Machine Learning,Model Node,P2,ml.decision_tree,决策树,,机器学习,Estimator,独立节点,初步归类,,,,未定位（本轮检索）,,未发现对应内置节点,,无直接节点入口,未核对,未定位专用报告入口,未执行,新增（先确认算法与产品范围）,B5,训练/验证划分、预处理、随机性与模型结果,明确决策树的输入设计、参数、输出与参考实现后开发。,,未定位对应训练/预测实现；Julia Bayes 插件不作为这些机器学习算法的实现证据。,2026-09-16,ed2f321106433943f2eb1e9c0212de9c37d335ad
186,机器学习,随机森林,Estimator,Machine Learning,Model Node,P2,ml.random_forest,随机森林,,机器学习,Estimator,独立节点,初步归类,,,,未定位（本轮检索）,,未发现对应内置节点,,无直接节点入口,未核对,未定位专用报告入口,未执行,新增（先确认算法与产品范围）,B5,训练/验证划分、预处理、随机性与模型结果,明确随机森林的输入设计、参数、输出与参考实现后开发。,,未定位对应训练/预测实现；Julia Bayes 插件不作为这些机器学习算法的实现证据。,2026-09-16,ed2f321106433943f2eb1e9c0212de9c37d335ad
187,机器学习,KNN,Estimator,Machine Learning,Model Node,P2,ml.knn,KNN,,机器学习,Estimator,独立节点,初步归类,,,,未定位（本轮检索）,,未发现对应内置节点,,无直接节点入口,未核对,未定位专用报告入口,未执行,新增（先确认算法与产品范围）,B5,训练/验证划分、预处理、随机性与模型结果,明确KNN的输入设计、参数、输出与参考实现后开发。,,未定位对应训练/预测实现；Julia Bayes 插件不作为这些机器学习算法的实现证据。,2026-09-16,ed2f321106433943f2eb1e9c0212de9c37d335ad
188,机器学习,朴素贝叶斯,Estimator,Machine Learning,Model Node,P2,ml.naive_bayes,朴素贝叶斯,,机器学习,Estimator,独立节点,初步归类,,,,未定位（本轮检索）,,未发现对应内置节点,,无直接节点入口,未核对,未定位专用报告入口,未执行,新增（先确认算法与产品范围）,B5,训练/验证划分、预处理、随机性与模型结果,明确朴素贝叶斯的输入设计、参数、输出与参考实现后开发。,,未定位对应训练/预测实现；Julia Bayes 插件不作为这些机器学习算法的实现证据。,2026-09-16,ed2f321106433943f2eb1e9c0212de9c37d335ad
189,机器学习,支持向量机SVM,Estimator,Machine Learning,Model Node,P2,ml.svm,支持向量机SVM,,机器学习,Estimator,独立节点,初步归类,,,,未定位（本轮检索）,,未发现对应内置节点,,无直接节点入口,未核对,未定位专用报告入口,未执行,新增（先确认算法与产品范围）,B5,训练/验证划分、预处理、随机性与模型结果,明确支持向量机SVM的输入设计、参数、输出与参考实现后开发。,,未定位对应训练/预测实现；Julia Bayes 插件不作为这些机器学习算法的实现证据。,2026-09-16,ed2f321106433943f2eb1e9c0212de9c37d335ad
190,机器学习,神经网络,Estimator,Machine Learning,Model Node,P2,ml.neural_network,神经网络,,机器学习,Estimator,独立节点,初步映射（范围需细化）,,,,未定位（本轮检索）,,未发现对应内置节点,,无直接节点入口,未核对,未定位专用报告入口,未执行,新增（先确认算法与产品范围）,B5,训练/验证划分、预处理、随机性与模型结果,明确神经网络的输入设计、参数、输出与参考实现后开发。,神经网络的任务、结构和训练范围尚未指定。,未定位对应训练/预测实现；Julia Bayes 插件不作为这些机器学习算法的实现证据。,2026-09-16,ed2f321106433943f2eb1e9c0212de9c37d335ad
191,机器学习,Apriori关联分析,Estimator,Machine Learning,Model Node,P2,ml.apriori,Apriori关联分析,,机器学习,Estimator,独立节点,初步归类,,,,未定位（本轮检索）,,未发现对应内置节点,,无直接节点入口,未核对,未定位专用报告入口,未执行,新增（先确认算法与产品范围）,B5,训练/验证划分、预处理、随机性与模型结果,明确Apriori关联分析的输入设计、参数、输出与参考实现后开发。,,未定位对应训练/预测实现；Julia Bayes 插件不作为这些机器学习算法的实现证据。,2026-09-16,ed2f321106433943f2eb1e9c0212de9c37d335ad
192,机器学习,XGBoost,Estimator,Machine Learning,Model Node,P2,ml.xgboost,XGBoost,,机器学习,Estimator,独立节点,初步归类,,,,未定位（本轮检索）,,未发现对应内置节点,,无直接节点入口,未核对,未定位专用报告入口,未执行,新增（先确认算法与产品范围）,B5,训练/验证划分、预处理、随机性与模型结果,明确XGBoost的输入设计、参数、输出与参考实现后开发。,,未定位对应训练/预测实现；Julia Bayes 插件不作为这些机器学习算法的实现证据。,2026-09-16,ed2f321106433943f2eb1e9c0212de9c37d335ad
193,机器学习,GBDT,Estimator,Machine Learning,Model Node,P2,ml.gbdt,GBDT,,机器学习,Estimator,独立节点,初步归类,,,,未定位（本轮检索）,,未发现对应内置节点,,无直接节点入口,未核对,未定位专用报告入口,未执行,新增（先确认算法与产品范围）,B5,训练/验证划分、预处理、随机性与模型结果,明确GBDT的输入设计、参数、输出与参考实现后开发。,,未定位对应训练/预测实现；Julia Bayes 插件不作为这些机器学习算法的实现证据。,2026-09-16,ed2f321106433943f2eb1e9c0212de9c37d335ad
194,机器学习,AdaBoost,Estimator,Machine Learning,Model Node,P2,ml.adaboost,AdaBoost,,机器学习,Estimator,独立节点,初步归类,,,,未定位（本轮检索）,,未发现对应内置节点,,无直接节点入口,未核对,未定位专用报告入口,未执行,新增（先确认算法与产品范围）,B5,训练/验证划分、预处理、随机性与模型结果,明确AdaBoost的输入设计、参数、输出与参考实现后开发。,,未定位对应训练/预测实现；Julia Bayes 插件不作为这些机器学习算法的实现证据。,2026-09-16,ed2f321106433943f2eb1e9c0212de9c37d335ad
195,机器学习,极端随机树,Estimator,Machine Learning,Model Node,P2,ml.extra_trees,极端随机树,,机器学习,Estimator,独立节点,初步归类,,,,未定位（本轮检索）,,未发现对应内置节点,,无直接节点入口,未核对,未定位专用报告入口,未执行,新增（先确认算法与产品范围）,B5,训练/验证划分、预处理、随机性与模型结果,明确极端随机树的输入设计、参数、输出与参考实现后开发。,,未定位对应训练/预测实现；Julia Bayes 插件不作为这些机器学习算法的实现证据。,2026-09-16,ed2f321106433943f2eb1e9c0212de9c37d335ad
196,机器学习,CatBoost,Estimator,Machine Learning,Model Node,P2,ml.catboost,CatBoost,,机器学习,Estimator,独立节点,初步归类,,,,未定位（本轮检索）,,未发现对应内置节点,,无直接节点入口,未核对,未定位专用报告入口,未执行,新增（先确认算法与产品范围）,B5,训练/验证划分、预处理、随机性与模型结果,明确CatBoost的输入设计、参数、输出与参考实现后开发。,,未定位对应训练/预测实现；Julia Bayes 插件不作为这些机器学习算法的实现证据。,2026-09-16,ed2f321106433943f2eb1e9c0212de9c37d335ad
197,机器学习,LightGBM,Estimator,Machine Learning,Model Node,P2,ml.lightgbm,LightGBM,,机器学习,Estimator,独立节点,初步归类,,,,未定位（本轮检索）,,未发现对应内置节点,,无直接节点入口,未核对,未定位专用报告入口,未执行,新增（先确认算法与产品范围）,B5,训练/验证划分、预处理、随机性与模型结果,明确LightGBM的输入设计、参数、输出与参考实现后开发。,,未定位对应训练/预测实现；Julia Bayes 插件不作为这些机器学习算法的实现证据。,2026-09-16,ed2f321106433943f2eb1e9c0212de9c37d335ad
198,Meta分析,连续性,Estimator,Meta-analysis Estimator,Model Node,P1,meta.continuous,连续性,,Meta分析,Estimator,方法预设/输入设计,初步映射（范围需细化）,,,,未定位（本轮检索）,,未发现对应内置节点,,无直接节点入口,未核对,未定位专用报告入口,未执行,明确产品形态后复用/新增,B5,研究级效应量、方差和合并方法,明确连续性的输入设计、参数、输出与参考实现后开发。,明确连续型效应量（如均值差/标准化均值差）及研究级输入。,未定位仅表示本轮在宿主 SCI/Runtime/目录/执行及相关前端中未找到直接实现，不代表已证明缺失。,2026-09-16,ed2f321106433943f2eb1e9c0212de9c37d335ad
199,Meta分析,二分类,Estimator,Meta-analysis Estimator,Model Node,P1,meta.binary,二分类,,Meta分析,Estimator,方法预设/输入设计,初步归类,,,,未定位（本轮检索）,,未发现对应内置节点,,无直接节点入口,未核对,未定位专用报告入口,未执行,明确产品形态后复用/新增,B5,研究级效应量、方差和合并方法,明确二分类的输入设计、参数、输出与参考实现后开发。,,未定位仅表示本轮在宿主 SCI/Runtime/目录/执行及相关前端中未找到直接实现，不代表已证明缺失。,2026-09-16,ed2f321106433943f2eb1e9c0212de9c37d335ad
200,Meta分析,单个率,Estimator,Meta-analysis Estimator,Model Node,P1,meta.single_proportion,单个率,,Meta分析,Estimator,方法预设/输入设计,初步归类,,,,未定位（本轮检索）,,未发现对应内置节点,,无直接节点入口,未核对,未定位专用报告入口,未执行,明确产品形态后复用/新增,B5,研究级效应量、方差和合并方法,明确单个率的输入设计、参数、输出与参考实现后开发。,,未定位仅表示本轮在宿主 SCI/Runtime/目录/执行及相关前端中未找到直接实现，不代表已证明缺失。,2026-09-16,ed2f321106433943f2eb1e9c0212de9c37d335ad
201,Meta分析,平均值,Estimator,Meta-analysis Estimator,Model Node,P1,meta.mean,平均值,,Meta分析,Estimator,方法预设/输入设计,初步归类,,,,未定位（本轮检索）,,未发现对应内置节点,,无直接节点入口,未核对,未定位专用报告入口,未执行,明确产品形态后复用/新增,B5,研究级效应量、方差和合并方法,明确平均值的输入设计、参数、输出与参考实现后开发。,,未定位仅表示本轮在宿主 SCI/Runtime/目录/执行及相关前端中未找到直接实现，不代表已证明缺失。,2026-09-16,ed2f321106433943f2eb1e9c0212de9c37d335ad
202,Meta分析,相关系数,Estimator,Meta-analysis Estimator,Model Node,P1,meta.correlation,相关系数,,Meta分析,Estimator,方法预设/输入设计,初步归类,,,,未定位（本轮检索）,,未发现对应内置节点,,无直接节点入口,未核对,未定位专用报告入口,未执行,明确产品形态后复用/新增,B5,研究级效应量、方差和合并方法,明确相关系数的输入设计、参数、输出与参考实现后开发。,,未定位仅表示本轮在宿主 SCI/Runtime/目录/执行及相关前端中未找到直接实现，不代表已证明缺失。,2026-09-16,ed2f321106433943f2eb1e9c0212de9c37d335ad
203,Meta分析,OR和HR值,Estimator,Meta-analysis Estimator,Model Node,P1,meta.or_hr,OR和HR值,,Meta分析,Estimator,方法预设/输入设计,初步映射（范围需细化）,,,,未定位（本轮检索）,,未发现对应内置节点,,无直接节点入口,未核对,未定位专用报告入口,未执行,明确产品形态后复用/新增,B5,研究级效应量、方差和合并方法,明确OR和HR值的输入设计、参数、输出与参考实现后开发。,OR 与 HR 输入及推断规则分别定义。,未定位仅表示本轮在宿主 SCI/Runtime/目录/执行及相关前端中未找到直接实现，不代表已证明缺失。,2026-09-16,ed2f321106433943f2eb1e9c0212de9c37d335ad
204,Meta分析,P值合并,Estimator,Meta-analysis Estimator,Model Node,P1,meta.combine_p,P值合并,,Meta分析,Estimator,独立节点,初步归类,,,,未定位（本轮检索）,,未发现对应内置节点,,无直接节点入口,未核对,未定位专用报告入口,未执行,新增（先确认算法与产品范围）,B5,研究级效应量、方差和合并方法,明确P值合并的输入设计、参数、输出与参考实现后开发。,,未定位仅表示本轮在宿主 SCI/Runtime/目录/执行及相关前端中未找到直接实现，不代表已证明缺失。,2026-09-16,ed2f321106433943f2eb1e9c0212de9c37d335ad
205,Meta分析,一般倒方差,Estimator,Meta-analysis Estimator,Model Node,P1,meta.inverse_variance,一般倒方差,,Meta分析,Estimator,方法预设/输入设计,初步归类,,,,未定位（本轮检索）,,未发现对应内置节点,,无直接节点入口,未核对,未定位专用报告入口,未执行,明确产品形态后复用/新增,B5,研究级效应量、方差和合并方法,明确一般倒方差的输入设计、参数、输出与参考实现后开发。,,未定位仅表示本轮在宿主 SCI/Runtime/目录/执行及相关前端中未找到直接实现，不代表已证明缺失。,2026-09-16,ed2f321106433943f2eb1e9c0212de9c37d335ad
206,Meta分析,森林图,Visualization,Model/Result Plot,Visualization Node,P1,plot.forest,森林图,,Meta分析,Visualization,绘图节点,初步归类,,,,未定位（本轮检索）,,未发现对应内置节点,,无直接节点入口,未核对,未定位专用报告入口,未执行,新增（先确认算法与产品范围）,B5,研究级效应量、方差和合并方法,明确森林图的输入设计、参数、输出与参考实现后开发。,,未定位仅表示本轮在宿主 SCI/Runtime/目录/执行及相关前端中未找到直接实现，不代表已证明缺失。,2026-09-16,ed2f321106433943f2eb1e9c0212de9c37d335ad
207,实验设计/质量控制,正交实验,Estimator,DOE/Quality Method,Analysis Node,P2,doe.orthogonal,正交实验,,实验设计与质量控制,Estimator,独立节点,初步归类,,,,未定位（本轮检索）,,未发现对应内置节点,,无直接节点入口,未核对,未定位专用报告入口,未执行,新增（先确认算法与产品范围）,B5,设计因子、过程数据与质量结果,明确正交实验的输入设计、参数、输出与参考实现后开发。,,未定位仅表示本轮在宿主 SCI/Runtime/目录/执行及相关前端中未找到直接实现，不代表已证明缺失。,2026-09-16,ed2f321106433943f2eb1e9c0212de9c37d335ad
208,实验设计/质量控制,极差分析,Estimator,DOE/Quality Method,Analysis Node,P2,doe.range_analysis,极差分析,,实验设计与质量控制,Estimator,独立节点,初步归类,,,,未定位（本轮检索）,,未发现对应内置节点,,无直接节点入口,未核对,未定位专用报告入口,未执行,新增（先确认算法与产品范围）,B5,设计因子、过程数据与质量结果,明确极差分析的输入设计、参数、输出与参考实现后开发。,,未定位仅表示本轮在宿主 SCI/Runtime/目录/执行及相关前端中未找到直接实现，不代表已证明缺失。,2026-09-16,ed2f321106433943f2eb1e9c0212de9c37d335ad
209,实验设计/质量控制,剂量反应,Estimator,DOE/Quality Method,Analysis Node,P2,doe.dose_response,剂量反应,,实验设计与质量控制,Estimator,独立节点,初步映射（范围需细化）,,,,未定位（本轮检索）,,未发现对应内置节点,,无直接节点入口,未核对,未定位专用报告入口,未执行,新增（先确认算法与产品范围）,B5,设计因子、过程数据与质量结果,明确剂量反应的输入设计、参数、输出与参考实现后开发。,确认剂量反应指实验设计、回归模型还是 Meta 剂量反应。,未定位仅表示本轮在宿主 SCI/Runtime/目录/执行及相关前端中未找到直接实现，不代表已证明缺失。,2026-09-16,ed2f321106433943f2eb1e9c0212de9c37d335ad
210,实验设计/质量控制,响应面分析,Estimator,DOE/Quality Method,Analysis Node,P2,doe.response_surface,响应面分析,,实验设计与质量控制,Estimator,独立节点,初步归类,,,,未定位（本轮检索）,,未发现对应内置节点,,无直接节点入口,未核对,未定位专用报告入口,未执行,新增（先确认算法与产品范围）,B5,设计因子、过程数据与质量结果,明确响应面分析的输入设计、参数、输出与参考实现后开发。,,未定位仅表示本轮在宿主 SCI/Runtime/目录/执行及相关前端中未找到直接实现，不代表已证明缺失。,2026-09-16,ed2f321106433943f2eb1e9c0212de9c37d335ad
211,实验设计/质量控制,DOE试验,Estimator,DOE/Quality Method,Analysis Node,P2,doe.family,DOE试验,,实验设计与质量控制,Estimator,独立节点,初步映射（范围需细化）,,,,未定位（本轮检索）,,未发现对应内置节点,,无直接节点入口,未核对,未定位专用报告入口,未执行,新增（先确认算法与产品范围）,B5,设计因子、过程数据与质量结果,明确DOE试验的输入设计、参数、输出与参考实现后开发。,DOE 是方法族，不代表独立的单一算法。,未定位仅表示本轮在宿主 SCI/Runtime/目录/执行及相关前端中未找到直接实现，不代表已证明缺失。,2026-09-16,ed2f321106433943f2eb1e9c0212de9c37d335ad
212,实验设计/质量控制,均匀设计,Estimator,DOE/Quality Method,Analysis Node,P2,doe.uniform_design,均匀设计,,实验设计与质量控制,Estimator,独立节点,初步归类,,,,未定位（本轮检索）,,未发现对应内置节点,,无直接节点入口,未核对,未定位专用报告入口,未执行,新增（先确认算法与产品范围）,B5,设计因子、过程数据与质量结果,明确均匀设计的输入设计、参数、输出与参考实现后开发。,,未定位仅表示本轮在宿主 SCI/Runtime/目录/执行及相关前端中未找到直接实现，不代表已证明缺失。,2026-09-16,ed2f321106433943f2eb1e9c0212de9c37d335ad
213,实验设计/质量控制,质量控制图,Visualization,Exploratory Plot,Visualization Node,P2,plot.control_chart,质量控制图,,实验设计与质量控制,Visualization,绘图节点,初步归类,,,,未定位（本轮检索）,,未发现对应内置节点,,无直接节点入口,未核对,未定位专用报告入口,未执行,新增（先确认算法与产品范围）,B5,设计因子、过程数据与质量结果,明确质量控制图的输入设计、参数、输出与参考实现后开发。,,未定位仅表示本轮在宿主 SCI/Runtime/目录/执行及相关前端中未找到直接实现，不代表已证明缺失。,2026-09-16,ed2f321106433943f2eb1e9c0212de9c37d335ad
214,实验设计/质量控制,过程能力分析,Estimator,DOE/Quality Method,Analysis Node,P2,quality.process_capability,过程能力分析,,实验设计与质量控制,Estimator,独立节点,初步归类,,,,未定位（本轮检索）,,未发现对应内置节点,,无直接节点入口,未核对,未定位专用报告入口,未执行,新增（先确认算法与产品范围）,B5,设计因子、过程数据与质量结果,明确过程能力分析的输入设计、参数、输出与参考实现后开发。,,未定位仅表示本轮在宿主 SCI/Runtime/目录/执行及相关前端中未找到直接实现，不代表已证明缺失。,2026-09-16,ed2f321106433943f2eb1e9c0212de9c37d335ad
215,实验设计/质量控制,测量系统分析MSA,Estimator,DOE/Quality Method,Analysis Node,P2,quality.measurement_system,测量系统分析MSA,,实验设计与质量控制,Estimator,独立节点,初步映射（范围需细化）,,,,未定位（本轮检索）,,未发现对应内置节点,,无直接节点入口,未核对,未定位专用报告入口,未执行,新增（先确认算法与产品范围）,B5,设计因子、过程数据与质量结果,明确测量系统分析MSA的输入设计、参数、输出与参考实现后开发。,明确重复性/再现性、计量/计数和研究设计。,未定位仅表示本轮在宿主 SCI/Runtime/目录/执行及相关前端中未找到直接实现，不代表已证明缺失。,2026-09-16,ed2f321106433943f2eb1e9c0212de9c37d335ad
216,实验设计/质量控制,统计图,Visualization,Exploratory Plot,Visualization Node,P2,plot.statistical.family,统计图,,实验设计与质量控制,Visualization,绘图节点,初步映射（范围需细化）,,,,未定位（本轮检索）,,未发现对应内置节点,,无直接节点入口,未核对,未定位专用报告入口,未执行,新增（先确认算法与产品范围）,B5,设计因子、过程数据与质量结果,明确统计图的输入设计、参数、输出与参考实现后开发。,统计图为泛称；关联具体图种后再定义入口。,未定位仅表示本轮在宿主 SCI/Runtime/目录/执行及相关前端中未找到直接实现，不代表已证明缺失。,2026-09-16,ed2f321106433943f2eb1e9c0212de9c37d335ad
217,功效与样本量,Power原理,Estimator,Power/Sample Size,Analysis Node,P1,power.principles,Power原理,,功效与样本量,Estimator,帮助文档/功能入口,初步映射（范围需细化）,,,,未定位（本轮检索）,,未发现对应内置节点,,无直接节点入口,未核对,未定位专用报告入口,未执行,明确产品形态后复用/新增,B5,效应量、显著性水平、目标功效与设计,明确 Power原理 的目标设计、效应量和求解变量，确定公式/参考实现后开发。,Power 原理为说明/导航，不应作为无明确输入输出的估计器。,未定位仅表示本轮在宿主 SCI/Runtime/目录/执行及相关前端中未找到直接实现，不代表已证明缺失。,2026-09-16,ed2f321106433943f2eb1e9c0212de9c37d335ad
218,功效与样本量,均值差,Estimator,Power/Sample Size,Analysis Node,P1,power.mean_difference,均值差,,功效与样本量,Estimator,独立节点,初步归类,,,,未定位（本轮检索）,,未发现对应内置节点,,无直接节点入口,未核对,未定位专用报告入口,未执行,新增（先确认算法与产品范围）,B5,效应量、显著性水平、目标功效与设计,明确 均值差 的目标设计、效应量和求解变量，确定公式/参考实现后开发。,,未定位仅表示本轮在宿主 SCI/Runtime/目录/执行及相关前端中未找到直接实现，不代表已证明缺失。,2026-09-16,ed2f321106433943f2eb1e9c0212de9c37d335ad
219,功效与样本量,方差,Estimator,Power/Sample Size,Analysis Node,P1,power.variance,方差相关功效/样本量计算,,功效与样本量,Estimator,独立节点,初步映射（范围需细化）,,,,未定位（本轮检索）,,未发现对应内置节点,,无直接节点入口,未核对,未定位专用报告入口,未执行,新增（先确认算法与产品范围）,B5,效应量、显著性水平、目标功效与设计,明确 方差相关功效/样本量计算 的目标设计、效应量和求解变量，确定公式/参考实现后开发。,功效分类中的方差需明确检验或估计目标。,未定位仅表示本轮在宿主 SCI/Runtime/目录/执行及相关前端中未找到直接实现，不代表已证明缺失。,2026-09-16,ed2f321106433943f2eb1e9c0212de9c37d335ad
220,功效与样本量,比率,Estimator,Power/Sample Size,Analysis Node,P1,power.proportion,比率,,功效与样本量,Estimator,独立节点,初步归类,,,,未定位（本轮检索）,,未发现对应内置节点,,无直接节点入口,未核对,未定位专用报告入口,未执行,新增（先确认算法与产品范围）,B5,效应量、显著性水平、目标功效与设计,明确 比率 的目标设计、效应量和求解变量，确定公式/参考实现后开发。,,未定位仅表示本轮在宿主 SCI/Runtime/目录/执行及相关前端中未找到直接实现，不代表已证明缺失。,2026-09-16,ed2f321106433943f2eb1e9c0212de9c37d335ad
221,功效与样本量,相关性,Estimator,Power/Sample Size,Analysis Node,P1,power.correlation,相关性,,功效与样本量,Estimator,独立节点,初步归类,,,,未定位（本轮检索）,,未发现对应内置节点,,无直接节点入口,未核对,未定位专用报告入口,未执行,新增（先确认算法与产品范围）,B5,效应量、显著性水平、目标功效与设计,明确 相关性 的目标设计、效应量和求解变量，确定公式/参考实现后开发。,,未定位仅表示本轮在宿主 SCI/Runtime/目录/执行及相关前端中未找到直接实现，不代表已证明缺失。,2026-09-16,ed2f321106433943f2eb1e9c0212de9c37d335ad
222,功效与样本量,线性回归等,Estimator,Power/Sample Size,Analysis Node,P1,power.linear_regression,线性回归等,,功效与样本量,Estimator,独立节点,初步映射（范围需细化）,,,,未定位（本轮检索）,,未发现对应内置节点,,无直接节点入口,未核对,未定位专用报告入口,未执行,新增（先确认算法与产品范围）,B5,效应量、显著性水平、目标功效与设计,明确 线性回归等 的目标设计、效应量和求解变量，确定公式/参考实现后开发。,线性回归等范围过宽，先限定模型及效应量。,未定位仅表示本轮在宿主 SCI/Runtime/目录/执行及相关前端中未找到直接实现，不代表已证明缺失。,2026-09-16,ed2f321106433943f2eb1e9c0212de9c37d335ad
223,功效与样本量,广义模型,Estimator,Power/Sample Size,Analysis Node,P1,power.generalized_model,广义模型,,功效与样本量,Estimator,独立节点,初步映射（范围需细化）,,,,未定位（本轮检索）,,未发现对应内置节点,,无直接节点入口,未核对,未定位专用报告入口,未执行,新增（先确认算法与产品范围）,B5,效应量、显著性水平、目标功效与设计,明确 广义模型 的目标设计、效应量和求解变量，确定公式/参考实现后开发。,明确广义模型的分布、链接和功效计算方法。,未定位仅表示本轮在宿主 SCI/Runtime/目录/执行及相关前端中未找到直接实现，不代表已证明缺失。,2026-09-16,ed2f321106433943f2eb1e9c0212de9c37d335ad
224,可视化,散点图,Visualization,Exploratory Plot,Visualization Node,P1,plot.scatter,散点图,,可视化,Visualization,绘图节点,有源码对应（范围见备注）,,yssbi.plot.scatter.view,,部分实现（图表投影）,src-tauri/crates/yss-application/src/chart/projection.rs,定义存在,yssbi.plot.scatter.view,未注册,需核对传参与默认值,图表资源可复用；节点结果待接入,未执行,补接/重构,B3,有类型的数据/结果输入及图形投影,复核备注中的实现范围，贯通参数与结果；按批次补接节点并运行验收。,,Chart 资源有点投影及前端渲染；独立图节点未注册。分组/时间含义需按条目核对。,2026-09-16,ed2f321106433943f2eb1e9c0212de9c37d335ad
225,可视化,直方图,Visualization,Exploratory Plot,Visualization Node,P1,plot.histogram,直方图,,可视化,Visualization,绘图节点,有源码对应（范围见备注）,,yssbi.plot.histogram.view,,部分实现（列画像直方图）,src-tauri/crates/yss-datafusion/src/profile.rs,定义存在,yssbi.plot.histogram.view,未注册,需核对传参与默认值,直方图渲染存在；图节点结果待接入,未执行,补接/重构,B3,有类型的数据/结果输入及图形投影,复核备注中的实现范围，贯通参数与结果；按批次补接节点并运行验收。,,列画像已有分箱与计数；节点未注册，需明确节点的分箱参数。,2026-09-16,ed2f321106433943f2eb1e9c0212de9c37d335ad
226,可视化,箱线图,Visualization,Exploratory Plot,Visualization Node,P1,plot.boxplot,箱线图,,可视化,Visualization,绘图节点,初步归类,,,,未定位（本轮检索）,,未发现对应内置节点,,无直接节点入口,未核对,未定位专用报告入口,未执行,新增（先确认算法与产品范围）,B3,有类型的数据/结果输入及图形投影,明确箱线图的输入设计、参数、输出与参考实现后开发。,,未定位仅表示本轮在宿主 SCI/Runtime/目录/执行及相关前端中未找到直接实现，不代表已证明缺失。,2026-09-16,ed2f321106433943f2eb1e9c0212de9c37d335ad
227,可视化,词云,Visualization,Exploratory Plot,Visualization Node,P1,plot.wordcloud,词云,,可视化,Visualization,绘图节点,初步归类,,,,未定位（本轮检索）,,未发现对应内置节点,,无直接节点入口,未核对,未定位专用报告入口,未执行,新增（先确认算法与产品范围）,B3,有类型的数据/结果输入及图形投影,明确词云的输入设计、参数、输出与参考实现后开发。,,未定位仅表示本轮在宿主 SCI/Runtime/目录/执行及相关前端中未找到直接实现，不代表已证明缺失。,2026-09-16,ed2f321106433943f2eb1e9c0212de9c37d335ad
228,可视化,误差线图,Visualization,Exploratory Plot,Visualization Node,P1,plot.errorbar,误差线图,,可视化,Visualization,绘图节点,初步归类,,,,未定位（本轮检索）,,未发现对应内置节点,,无直接节点入口,未核对,未定位专用报告入口,未执行,新增（先确认算法与产品范围）,B3,有类型的数据/结果输入及图形投影,明确误差线图的输入设计、参数、输出与参考实现后开发。,,未定位仅表示本轮在宿主 SCI/Runtime/目录/执行及相关前端中未找到直接实现，不代表已证明缺失。,2026-09-16,ed2f321106433943f2eb1e9c0212de9c37d335ad
229,可视化,P-P/Q-Q图,Visualization,Exploratory Plot,Visualization Node,P1,plot.pp_qq,P-P/Q-Q图,,可视化,Visualization,绘图节点,初步映射（范围需细化）,,,,未定位（本轮检索）,,未发现对应内置节点,,无直接节点入口,未核对,未定位专用报告入口,未执行,新增（先确认算法与产品范围）,B3,有类型的数据/结果输入及图形投影,明确P-P/Q-Q图的输入设计、参数、输出与参考实现后开发。,P-P 和 Q-Q 是不同图形，需明确参考分布和参数估计规则。,未定位仅表示本轮在宿主 SCI/Runtime/目录/执行及相关前端中未找到直接实现，不代表已证明缺失。,2026-09-16,ed2f321106433943f2eb1e9c0212de9c37d335ad
230,可视化,ROC曲线,Visualization,Model/Result Plot,Visualization Node,P1,plot.roc,ROC曲线,,可视化,Visualization,绘图节点,初步归类,,,,未定位（本轮检索）,,未发现对应内置节点,,无直接节点入口,未核对,未定位专用报告入口,未执行,新增（先确认算法与产品范围）,B3,有类型的数据/结果输入及图形投影,明确ROC曲线的输入设计、参数、输出与参考实现后开发。,,未定位仅表示本轮在宿主 SCI/Runtime/目录/执行及相关前端中未找到直接实现，不代表已证明缺失。,2026-09-16,ed2f321106433943f2eb1e9c0212de9c37d335ad
231,可视化,象限图,Visualization,Exploratory Plot,Visualization Node,P1,plot.quadrant,象限图,,可视化,Visualization,绘图节点,初步归类,,,,未定位（本轮检索）,,未发现对应内置节点,,无直接节点入口,未核对,未定位专用报告入口,未执行,新增（先确认算法与产品范围）,B3,有类型的数据/结果输入及图形投影,明确象限图的输入设计、参数、输出与参考实现后开发。,,未定位仅表示本轮在宿主 SCI/Runtime/目录/执行及相关前端中未找到直接实现，不代表已证明缺失。,2026-09-16,ed2f321106433943f2eb1e9c0212de9c37d335ad
232,可视化,帕累托图,Visualization,Exploratory Plot,Visualization Node,P1,plot.pareto,帕累托图,,可视化,Visualization,绘图节点,初步归类,,,,未定位（本轮检索）,,未发现对应内置节点,,无直接节点入口,未核对,未定位专用报告入口,未执行,新增（先确认算法与产品范围）,B3,有类型的数据/结果输入及图形投影,明确帕累托图的输入设计、参数、输出与参考实现后开发。,,未定位仅表示本轮在宿主 SCI/Runtime/目录/执行及相关前端中未找到直接实现，不代表已证明缺失。,2026-09-16,ed2f321106433943f2eb1e9c0212de9c37d335ad
233,可视化,簇状图（折线等）,Visualization,Exploratory Plot,Visualization Node,P1,plot.grouped,簇状图（折线等）,,可视化,Visualization,绘图节点,有源码对应（范围见备注）,,yssbi.plot.line.view,,部分实现（图表投影）,src-tauri/crates/yss-application/src/chart/projection.rs,定义存在,yssbi.plot.line.view,未注册,需核对传参与默认值,图表资源可复用；节点结果待接入,未执行,补接/重构,B3,有类型的数据/结果输入及图形投影,复核备注中的实现范围，贯通参数与结果；按批次补接节点并运行验收。,折线、分组和其他簇状图分别确定数据形状；现有 line 只覆盖部分。,Chart 资源有点投影及前端渲染；独立图节点未注册。分组/时间含义需按条目核对。,2026-09-16,ed2f321106433943f2eb1e9c0212de9c37d335ad
234,可视化,组合图,Visualization,Exploratory Plot,Visualization Node,P1,plot.combination,组合图,,可视化,Visualization,绘图节点,初步映射（范围需细化）,,,,未定位（本轮检索）,,未发现对应内置节点,,无直接节点入口,未核对,未定位专用报告入口,未执行,新增（先确认算法与产品范围）,B3,有类型的数据/结果输入及图形投影,明确组合图的输入设计、参数、输出与参考实现后开发。,组合图需明确可组合图种、轴与图例规则。,未定位仅表示本轮在宿主 SCI/Runtime/目录/执行及相关前端中未找到直接实现，不代表已证明缺失。,2026-09-16,ed2f321106433943f2eb1e9c0212de9c37d335ad
235,可视化,气泡图,Visualization,Exploratory Plot,Visualization Node,P1,plot.bubble,气泡图,,可视化,Visualization,绘图节点,初步归类,,,,未定位（本轮检索）,,未发现对应内置节点,,无直接节点入口,未核对,未定位专用报告入口,未执行,新增（先确认算法与产品范围）,B3,有类型的数据/结果输入及图形投影,明确气泡图的输入设计、参数、输出与参考实现后开发。,,未定位仅表示本轮在宿主 SCI/Runtime/目录/执行及相关前端中未找到直接实现，不代表已证明缺失。,2026-09-16,ed2f321106433943f2eb1e9c0212de9c37d335ad
236,可视化,核密度图,Visualization,Exploratory Plot,Visualization Node,P1,plot.kde,核密度图,,可视化,Visualization,绘图节点,有源码对应（范围见备注）,,yssbi.plot.kde.view,,实现存在（静态）,src-tauri/crates/yss-sci/src/stats/density.rs;src-tauri/crates/yss-sci-runtime/src/density.rs,定义存在,yssbi.plot.kde.view,未注册,需核对传参与默认值,报告定义/组件存在；执行待接入,未执行,补接/重构,B3,有类型的数据/结果输入及图形投影,复核备注中的实现范围，贯通参数与结果；按批次补接节点并运行验收。,,KDE 数值算法与图形组件可复用；节点未注册。,2026-09-16,ed2f321106433943f2eb1e9c0212de9c37d335ad
237,可视化,小提琴图,Visualization,Exploratory Plot,Visualization Node,P1,plot.violin,小提琴图,,可视化,Visualization,绘图节点,初步归类,,,,未定位（本轮检索）,,未发现对应内置节点,,无直接节点入口,未核对,未定位专用报告入口,未执行,新增（先确认算法与产品范围）,B3,有类型的数据/结果输入及图形投影,明确小提琴图的输入设计、参数、输出与参考实现后开发。,,未定位仅表示本轮在宿主 SCI/Runtime/目录/执行及相关前端中未找到直接实现，不代表已证明缺失。,2026-09-16,ed2f321106433943f2eb1e9c0212de9c37d335ad
238,可视化,热力图,Visualization,Exploratory Plot,Visualization Node,P1,plot.heatmap,热力图,,可视化,Visualization,绘图节点,初步归类,,,,未定位（本轮检索）,,未发现对应内置节点,,无直接节点入口,未核对,未定位专用报告入口,未执行,新增（先确认算法与产品范围）,B3,有类型的数据/结果输入及图形投影,明确热力图的输入设计、参数、输出与参考实现后开发。,,未定位仅表示本轮在宿主 SCI/Runtime/目录/执行及相关前端中未找到直接实现，不代表已证明缺失。,2026-09-16,ed2f321106433943f2eb1e9c0212de9c37d335ad
239,可视化,Coef图,Visualization,Model/Result Plot,Visualization Node,P1,plot.coefficient,Coef图,,可视化,Visualization,绘图节点,初步归类,,,,未定位（本轮检索）,,未发现对应内置节点,,无直接节点入口,未核对,未定位专用报告入口,未执行,新增（先确认算法与产品范围）,B3,有类型的数据/结果输入及图形投影,明确Coef图的输入设计、参数、输出与参考实现后开发。,,未定位仅表示本轮在宿主 SCI/Runtime/目录/执行及相关前端中未找到直接实现，不代表已证明缺失。,2026-09-16,ed2f321106433943f2eb1e9c0212de9c37d335ad
240,AI/文本分析,AI分析报告,Estimator,AI/Text Analysis,Analysis Node,P2,ai.report,AI分析报告,,AI与文本分析,待细化,独立功能/工作流,初步映射（范围需细化）,,,,未定位（本轮检索）,,未发现对应内置节点,,无直接节点入口,未核对,未定位专用报告入口,未执行,明确产品形态后复用/新增,B5,明确数据范围、任务产物与调用生命周期,明确AI分析报告的输入设计、参数、输出与参考实现后开发。,原角色 Estimator 需调整；明确报告输入、生成产物及外部调用流程。,未定位仅表示本轮在宿主 SCI/Runtime/目录/执行及相关前端中未找到直接实现，不代表已证明缺失。,2026-09-16,ed2f321106433943f2eb1e9c0212de9c37d335ad
241,AI/文本分析,文本分析模块（原文件未展开具体方法）,Estimator,AI/Text Analysis,Analysis Node,P2,ai.text,文本分析模块（原文件未展开具体方法）,,AI与文本分析,待细化,独立功能/工作流,初步映射（范围需细化）,,,,未定位（本轮检索）,,未发现对应内置节点,,无直接节点入口,未核对,未定位专用报告入口,未执行,明确产品形态后复用/新增,B5,明确数据范围、任务产物与调用生命周期,明确文本分析模块（原文件未展开具体方法）的输入设计、参数、输出与参考实现后开发。,原文件没有展开具体文本方法，保持待澄清。,未定位仅表示本轮在宿主 SCI/Runtime/目录/执行及相关前端中未找到直接实现，不代表已证明缺失。,2026-09-16,ed2f321106433943f2eb1e9c0212de9c37d335ad
242,假设检验,Mann–Whitney U / Wilcoxon秩和检验,Test,Nonparametric Test,Test Node,P0,test.mann_whitney,Mann–Whitney U / Wilcoxon秩和检验,,假设检验,Test,独立节点,初步归类,,,,未定位（本轮检索）,,未发现对应内置节点,,无直接节点入口,未核对,未定位专用报告入口,未执行,新增（先确认算法与产品范围）,B3,样本设计、假设与检验结果契约,明确Mann–Whitney U / Wilcoxon秩和检验的输入设计、参数、输出与参考实现后开发。,,未定位仅表示本轮在宿主 SCI/Runtime/目录/执行及相关前端中未找到直接实现，不代表已证明缺失。,2026-09-16,ed2f321106433943f2eb1e9c0212de9c37d335ad
243,假设检验,Kruskal–Wallis检验,Test,Nonparametric Test,Test Node,P0,test.kruskal_wallis,Kruskal–Wallis检验,,假设检验,Test,独立节点,初步归类,,,,未定位（本轮检索）,,未发现对应内置节点,,无直接节点入口,未核对,未定位专用报告入口,未执行,新增（先确认算法与产品范围）,B3,样本设计、假设与检验结果契约,明确Kruskal–Wallis检验的输入设计、参数、输出与参考实现后开发。,,未定位仅表示本轮在宿主 SCI/Runtime/目录/执行及相关前端中未找到直接实现，不代表已证明缺失。,2026-09-16,ed2f321106433943f2eb1e9c0212de9c37d335ad
244,假设检验,Levene方差齐性检验,Test,Assumption/Specification Test,Test Node,P0,test.levene,Levene方差齐性检验,,假设检验,Test,独立节点,初步归类,,,,未定位（本轮检索）,,未发现对应内置节点,,无直接节点入口,未核对,未定位专用报告入口,未执行,新增（先确认算法与产品范围）,B3,样本设计、假设与检验结果契约,明确Levene方差齐性检验的输入设计、参数、输出与参考实现后开发。,,未定位仅表示本轮在宿主 SCI/Runtime/目录/执行及相关前端中未找到直接实现，不代表已证明缺失。,2026-09-16,ed2f321106433943f2eb1e9c0212de9c37d335ad
245,假设检验,Brown–Forsythe检验,Test,Assumption/Specification Test,Test Node,P0,test.brown_forsythe,Brown–Forsythe检验,,假设检验,Test,独立节点,初步归类,,,,未定位（本轮检索）,,未发现对应内置节点,,无直接节点入口,未核对,未定位专用报告入口,未执行,新增（先确认算法与产品范围）,B3,样本设计、假设与检验结果契约,明确Brown–Forsythe检验的输入设计、参数、输出与参考实现后开发。,,未定位仅表示本轮在宿主 SCI/Runtime/目录/执行及相关前端中未找到直接实现，不代表已证明缺失。,2026-09-16,ed2f321106433943f2eb1e9c0212de9c37d335ad
246,假设检验,Bartlett检验,Test,Assumption/Specification Test,Test Node,P0,test.bartlett,Bartlett检验,,假设检验,Test,独立节点,初步归类,,,,未定位（本轮检索）,,未发现对应内置节点,,无直接节点入口,未核对,未定位专用报告入口,未执行,新增（先确认算法与产品范围）,B3,样本设计、假设与检验结果契约,明确Bartlett检验的输入设计、参数、输出与参考实现后开发。,,未定位仅表示本轮在宿主 SCI/Runtime/目录/执行及相关前端中未找到直接实现，不代表已证明缺失。,2026-09-16,ed2f321106433943f2eb1e9c0212de9c37d335ad
247,假设检验,二项检验,Test,Categorical/Proportion Test,Test Node,P0,test.binomial,二项检验,,假设检验,Test,独立节点,初步归类,,,,未定位（本轮检索）,,未发现对应内置节点,,无直接节点入口,未核对,未定位专用报告入口,未执行,新增（先确认算法与产品范围）,B3,样本设计、假设与检验结果契约,明确二项检验的输入设计、参数、输出与参考实现后开发。,,未定位仅表示本轮在宿主 SCI/Runtime/目录/执行及相关前端中未找到直接实现，不代表已证明缺失。,2026-09-16,ed2f321106433943f2eb1e9c0212de9c37d335ad
248,假设检验,两比例检验,Test,Categorical/Proportion Test,Test Node,P0,test.proportion.two,两比例检验,,假设检验,Test,独立节点,初步映射（范围需细化）,,,,未定位（本轮检索）,,未发现对应内置节点,,无直接节点入口,未核对,未定位专用报告入口,未执行,新增（先确认算法与产品范围）,B3,样本设计、假设与检验结果契约,明确两比例检验的输入设计、参数、输出与参考实现后开发。,与 18 可能重叠；待比例检验范围确定后合并。,未定位仅表示本轮在宿主 SCI/Runtime/目录/执行及相关前端中未找到直接实现，不代表已证明缺失。,2026-09-16,ed2f321106433943f2eb1e9c0212de9c37d335ad
249,假设检验,多比例检验,Test,Categorical/Proportion Test,Test Node,P0,test.proportion.multiple,多比例检验,,假设检验,Test,独立节点,初步归类,,,,未定位（本轮检索）,,未发现对应内置节点,,无直接节点入口,未核对,未定位专用报告入口,未执行,新增（先确认算法与产品范围）,B3,样本设计、假设与检验结果契约,明确多比例检验的输入设计、参数、输出与参考实现后开发。,,未定位仅表示本轮在宿主 SCI/Runtime/目录/执行及相关前端中未找到直接实现，不代表已证明缺失。,2026-09-16,ed2f321106433943f2eb1e9c0212de9c37d335ad
250,相关分析,Spearman秩相关,Estimator,Association Measure,Analysis Node,P0,association.spearman,Spearman秩相关,,相关分析,Estimator,独立节点,初步归类,,,,未定位（本轮检索）,,未发现对应内置节点,,无直接节点入口,未核对,未定位专用报告入口,未执行,新增（先确认算法与产品范围）,B3,共同样本行域与相关矩阵结果,明确Spearman秩相关的输入设计、参数、输出与参考实现后开发。,,未定位仅表示本轮在宿主 SCI/Runtime/目录/执行及相关前端中未找到直接实现，不代表已证明缺失。,2026-09-16,ed2f321106433943f2eb1e9c0212de9c37d335ad
251,相关分析,Kendall秩相关,Estimator,Association Measure,Analysis Node,P0,association.kendall,Kendall秩相关,,相关分析,Estimator,独立节点,初步归类,,,,未定位（本轮检索）,,未发现对应内置节点,,无直接节点入口,未核对,未定位专用报告入口,未执行,新增（先确认算法与产品范围）,B3,共同样本行域与相关矩阵结果,明确Kendall秩相关的输入设计、参数、输出与参考实现后开发。,,未定位仅表示本轮在宿主 SCI/Runtime/目录/执行及相关前端中未找到直接实现，不代表已证明缺失。,2026-09-16,ed2f321106433943f2eb1e9c0212de9c37d335ad
252,统计推断/重抽样,置信区间CI,Estimator,Resampling/Inference,Analysis Node,P0,inference.confidence_interval,置信区间CI,,统计推断与重抽样,Post-estimation,结果指标/推断选项,有源码对应（范围见备注）,,,yssbi.statistics.ols.fit;yssbi.statistics.ols.summary,部分实现（OLS 系数区间）,src-tauri/crates/yss-sci-contract/src/regression/report.rs;src-tauri/crates/yss-sci/src/regression/linear_model/ols/inference.rs,未发现对应内置节点,,无直接节点；已有能力范围见备注,需核对传参与默认值,OLS 系数表已有区间（静态）,未执行,复用已有能力并补入口,B1,可调用方法、抽样设计、随机种子与预算,按 OLS_SPEC.md 完成此项在首批中的范围，并使用现有证据核对输入、执行与报告。,置信区间依赖具体估计量；已有 OLS 系数 95% 区间不代表通用区间服务。,当前系数区间固定为 95%；通用 CI 和其他置信水平尚未贯通。,2026-09-16,ed2f321106433943f2eb1e9c0212de9c37d335ad
253,统计推断/重抽样,Bootstrap,Estimator,Resampling/Inference,Analysis Node,P0,inference.bootstrap,Bootstrap,,统计推断与重抽样,Estimator,重抽样工作流,初步映射（范围需细化）,,,,未定位（本轮检索）,,未发现对应内置节点,,无直接节点入口,未核对,未定位专用报告入口,未执行,明确产品形态后复用/新增,B5,可调用方法、抽样设计、随机种子与预算,明确Bootstrap的输入设计、参数、输出与参考实现后开发。,需要可调用的统计任务与重抽样设计；当前函数图执行未接入，不能假定可以直接包装任意节点。,未定位仅表示本轮在宿主 SCI/Runtime/目录/执行及相关前端中未找到直接实现，不代表已证明缺失。,2026-09-16,ed2f321106433943f2eb1e9c0212de9c37d335ad
254,统计推断/重抽样,Jackknife,Estimator,Resampling/Inference,Analysis Node,P0,inference.jackknife,Jackknife,,统计推断与重抽样,Estimator,重抽样工作流,初步映射（范围需细化）,,,,未定位（本轮检索）,,未发现对应内置节点,,无直接节点入口,未核对,未定位专用报告入口,未执行,明确产品形态后复用/新增,B5,可调用方法、抽样设计、随机种子与预算,明确Jackknife的输入设计、参数、输出与参考实现后开发。,需要可调用方法及删一/删组方案，不能只增加目录定义。,未定位仅表示本轮在宿主 SCI/Runtime/目录/执行及相关前端中未找到直接实现，不代表已证明缺失。,2026-09-16,ed2f321106433943f2eb1e9c0212de9c37d335ad
255,回归模型,GLM广义线性模型,Estimator,Regression Estimator,Model Node,P0,regression.glm,GLM广义线性模型,,回归模型,Estimator,独立节点,初步映射（范围需细化）,,,,未定位（本轮检索）,,未发现对应内置节点,,无直接节点入口,未核对,未定位专用报告入口,未执行,新增（先确认算法与产品范围）,B5,模型设计、拟合结果与推断契约,明确GLM广义线性模型的输入设计、参数、输出与参考实现后开发。,GLM 是方法族；各分布/链接组合需要实际支持声明。,未定位仅表示本轮在宿主 SCI/Runtime/目录/执行及相关前端中未找到直接实现，不代表已证明缺失。,2026-09-16,ed2f321106433943f2eb1e9c0212de9c37d335ad
256,回归模型,WLS加权最小二乘,Estimator,Regression Estimator,Model Node,P0,regression.wls,加权最小二乘回归（WLS）,,回归模型,Estimator,独立节点,有源码对应（范围见备注）,,yssbi.statistics.wls.fit;yssbi.statistics.wls.summary,,实现存在（静态）,src-tauri/crates/yss-sci/src/regression/linear_model/wls.rs;src-tauri/crates/yss-sci-runtime/src/regression/mod.rs,定义存在,yssbi.statistics.wls.fit;yssbi.statistics.wls.summary,未注册,需核对传参与默认值,报告定义/组件存在；执行待接入,未执行,补接/重构,B2,模型设计、拟合结果与推断契约,复核备注中的实现范围，贯通参数与结果；按批次补接节点并运行验收。,,算法已定位；目录端口、通用 fit 的默认配置与目标参数需一并贯通。,2026-09-16,ed2f321106433943f2eb1e9c0212de9c37d335ad
257,回归模型,GLS广义最小二乘,Estimator,Regression Estimator,Model Node,P0,regression.gls,广义最小二乘回归（GLS）,,回归模型,Estimator,独立节点,有源码对应（范围见备注）,,yssbi.statistics.gls.fit;yssbi.statistics.gls.summary,,实现存在（静态）,src-tauri/crates/yss-sci/src/regression/linear_model/gls.rs;src-tauri/crates/yss-sci-runtime/src/regression/mod.rs,定义存在,yssbi.statistics.gls.fit;yssbi.statistics.gls.summary,未注册,需核对传参与默认值,报告定义/组件存在；执行待接入,未执行,补接/重构,B4,模型设计、拟合结果与推断契约,复核备注中的实现范围，贯通参数与结果；按批次补接节点并运行验收。,通用入口当前以 identity sigma 组装；GLS 的协方差输入/结构范围需补齐。,算法已定位；目录端口、通用 fit 的默认配置与目标参数需一并贯通。,2026-09-16,ed2f321106433943f2eb1e9c0212de9c37d335ad
258,回归模型,Gamma回归,Estimator,Regression Estimator,Model Node,P0,regression.gamma,Gamma回归,,回归模型,Estimator,独立节点,初步归类,,,,未定位（本轮检索）,,未发现对应内置节点,,无直接节点入口,未核对,未定位专用报告入口,未执行,新增（先确认算法与产品范围）,B5,模型设计、拟合结果与推断契约,明确Gamma回归的输入设计、参数、输出与参考实现后开发。,,概率分布采样节点不等同对应检验、回归或生存模型；本轮未定位直接实现。,2026-09-16,ed2f321106433943f2eb1e9c0212de9c37d335ad
259,回归模型,逆高斯回归,Estimator,Regression Estimator,Model Node,P0,regression.inverse_gaussian,逆高斯回归,,回归模型,Estimator,独立节点,初步归类,,,,未定位（本轮检索）,,未发现对应内置节点,,无直接节点入口,未核对,未定位专用报告入口,未执行,新增（先确认算法与产品范围）,B5,模型设计、拟合结果与推断契约,明确逆高斯回归的输入设计、参数、输出与参考实现后开发。,,未定位仅表示本轮在宿主 SCI/Runtime/目录/执行及相关前端中未找到直接实现，不代表已证明缺失。,2026-09-16,ed2f321106433943f2eb1e9c0212de9c37d335ad
260,回归模型,Complementary log-log模型,Estimator,Regression Estimator,Model Node,P0,regression.cloglog,Complementary log-log模型,,回归模型,Estimator,独立节点,初步归类,,,,未定位（本轮检索）,,未发现对应内置节点,,无直接节点入口,未核对,未定位专用报告入口,未执行,新增（先确认算法与产品范围）,B5,模型设计、拟合结果与推断契约,明确Complementary log-log模型的输入设计、参数、输出与参考实现后开发。,,未定位仅表示本轮在宿主 SCI/Runtime/目录/执行及相关前端中未找到直接实现，不代表已证明缺失。,2026-09-16,ed2f321106433943f2eb1e9c0212de9c37d335ad
261,回归模型,Beta回归,Estimator,Regression Estimator,Model Node,P0,regression.beta,Beta回归,,回归模型,Estimator,独立节点,初步归类,,,,未定位（本轮检索）,,未发现对应内置节点,,无直接节点入口,未核对,未定位专用报告入口,未执行,新增（先确认算法与产品范围）,B5,模型设计、拟合结果与推断契约,明确Beta回归的输入设计、参数、输出与参考实现后开发。,,概率分布采样节点不等同对应检验、回归或生存模型；本轮未定位直接实现。,2026-09-16,ed2f321106433943f2eb1e9c0212de9c37d335ad
262,回归模型,Fractional Response模型,Estimator,Regression Estimator,Model Node,P0,regression.fractional_response,Fractional Response模型,,回归模型,Estimator,独立节点,初步归类,,,,未定位（本轮检索）,,未发现对应内置节点,,无直接节点入口,未核对,未定位专用报告入口,未执行,新增（先确认算法与产品范围）,B5,模型设计、拟合结果与推断契约,明确Fractional Response模型的输入设计、参数、输出与参考实现后开发。,,未定位仅表示本轮在宿主 SCI/Runtime/目录/执行及相关前端中未找到直接实现，不代表已证明缺失。,2026-09-16,ed2f321106433943f2eb1e9c0212de9c37d335ad
263,混合效应模型,线性混合效应模型LMM,Estimator,Mixed/Longitudinal Model,Model Node,P0,mixed.lmm,线性混合效应模型LMM,,混合效应模型,Estimator,独立节点,初步归类,,,,未定位（本轮检索）,,未发现对应内置节点,,无直接节点入口,未核对,未定位专用报告入口,未执行,新增（先确认算法与产品范围）,B5,固定/随机效应设计与分组结构,明确线性混合效应模型LMM的输入设计、参数、输出与参考实现后开发。,,未定位仅表示本轮在宿主 SCI/Runtime/目录/执行及相关前端中未找到直接实现，不代表已证明缺失。,2026-09-16,ed2f321106433943f2eb1e9c0212de9c37d335ad
264,混合效应模型,广义线性混合模型GLMM,Estimator,Mixed/Longitudinal Model,Model Node,P0,mixed.glmm,广义线性混合模型GLMM,,混合效应模型,Estimator,独立节点,初步归类,,,,未定位（本轮检索）,,未发现对应内置节点,,无直接节点入口,未核对,未定位专用报告入口,未执行,新增（先确认算法与产品范围）,B5,固定/随机效应设计与分组结构,明确广义线性混合模型GLMM的输入设计、参数、输出与参考实现后开发。,,未定位仅表示本轮在宿主 SCI/Runtime/目录/执行及相关前端中未找到直接实现，不代表已证明缺失。,2026-09-16,ed2f321106433943f2eb1e9c0212de9c37d335ad
265,混合效应模型,随机截距模型,Estimator,Mixed/Longitudinal Model,Model Node,P0,mixed.random_intercept,随机截距模型,,混合效应模型,Transform,模型设计/参数,初步映射（范围需细化）,,,,未定位（本轮检索）,,未发现对应内置节点,,无直接节点入口,未核对,未定位专用报告入口,未执行,明确产品形态后复用/新增,B5,固定/随机效应设计与分组结构,明确随机截距模型的输入设计、参数、输出与参考实现后开发。,作为随机效应设计选项；结合 263/264 明确所属模型。,未定位仅表示本轮在宿主 SCI/Runtime/目录/执行及相关前端中未找到直接实现，不代表已证明缺失。,2026-09-16,ed2f321106433943f2eb1e9c0212de9c37d335ad
266,混合效应模型,随机斜率模型,Estimator,Mixed/Longitudinal Model,Model Node,P0,mixed.random_slope,随机斜率模型,,混合效应模型,Transform,模型设计/参数,初步映射（范围需细化）,,,,未定位（本轮检索）,,未发现对应内置节点,,无直接节点入口,未核对,未定位专用报告入口,未执行,明确产品形态后复用/新增,B5,固定/随机效应设计与分组结构,明确随机斜率模型的输入设计、参数、输出与参考实现后开发。,作为随机效应设计选项；结合 263/264 明确相关结构。,未定位仅表示本轮在宿主 SCI/Runtime/目录/执行及相关前端中未找到直接实现，不代表已证明缺失。,2026-09-16,ed2f321106433943f2eb1e9c0212de9c37d335ad
267,混合效应模型,交叉随机效应模型,Estimator,Mixed/Longitudinal Model,Model Node,P0,mixed.crossed_effects,交叉随机效应模型,,混合效应模型,Transform,模型设计/参数,初步映射（范围需细化）,,,,未定位（本轮检索）,,未发现对应内置节点,,无直接节点入口,未核对,未定位专用报告入口,未执行,明确产品形态后复用/新增,B5,固定/随机效应设计与分组结构,明确交叉随机效应模型的输入设计、参数、输出与参考实现后开发。,交叉分组与随机效应协方差的表达需先定义。,未定位仅表示本轮在宿主 SCI/Runtime/目录/执行及相关前端中未找到直接实现，不代表已证明缺失。,2026-09-16,ed2f321106433943f2eb1e9c0212de9c37d335ad
268,混合效应模型,Logistic混合模型,Estimator,Mixed/Longitudinal Model,Model Node,P0,mixed.logistic,Logistic混合模型,,混合效应模型,Estimator,模型预设,初步归类,264,,,未定位（本轮检索）,,未发现对应内置节点,,无直接节点入口,未核对,未定位专用报告入口,未执行,整理关联/候选合并;明确产品形态后复用/新增,B5,固定/随机效应设计与分组结构,明确Logistic混合模型的输入设计、参数、输出与参考实现后开发。,,未定位仅表示本轮在宿主 SCI/Runtime/目录/执行及相关前端中未找到直接实现，不代表已证明缺失。,2026-09-16,ed2f321106433943f2eb1e9c0212de9c37d335ad
269,混合效应模型,Poisson混合模型,Estimator,Mixed/Longitudinal Model,Model Node,P0,mixed.poisson,Poisson混合模型,,混合效应模型,Estimator,模型预设,初步归类,264,,,未定位（本轮检索）,,未发现对应内置节点,,无直接节点入口,未核对,未定位专用报告入口,未执行,整理关联/候选合并;明确产品形态后复用/新增,B5,固定/随机效应设计与分组结构,明确Poisson混合模型的输入设计、参数、输出与参考实现后开发。,,未定位仅表示本轮在宿主 SCI/Runtime/目录/执行及相关前端中未找到直接实现，不代表已证明缺失。,2026-09-16,ed2f321106433943f2eb1e9c0212de9c37d335ad
270,混合效应模型,负二项混合模型,Estimator,Mixed/Longitudinal Model,Model Node,P0,mixed.negative_binomial,负二项混合模型,,混合效应模型,Estimator,模型预设,初步归类,264,,,未定位（本轮检索）,,未发现对应内置节点,,无直接节点入口,未核对,未定位专用报告入口,未执行,整理关联/候选合并;明确产品形态后复用/新增,B5,固定/随机效应设计与分组结构,明确负二项混合模型的输入设计、参数、输出与参考实现后开发。,,未定位仅表示本轮在宿主 SCI/Runtime/目录/执行及相关前端中未找到直接实现，不代表已证明缺失。,2026-09-16,ed2f321106433943f2eb1e9c0212de9c37d335ad
271,回归诊断/模型比较,残差分析,Diagnostic,Regression Diagnostics,Diagnostic Node,P0,diagnostic.residual,残差分析,,回归诊断与比较,Diagnostic,估计后能力/节点,有源码对应（范围见备注）,,,yssbi.statistics.ols.fit;yssbi.statistics.ols.summary,实现存在（静态）,src-tauri/crates/yss-application/src/graph/results/report.rs:268;src-tauri/crates/yss-graph-execution/src/result/analysis.rs,未发现对应内置节点,,无直接节点；已有能力范围见备注,已有图形/分析请求范围校验,OLS 结果查询已提供（静态）；未执行人工验收,未执行,复用已有能力并补入口,B1,已拟合模型及其推断统计,按 OLS_SPEC.md 完成此项在首批中的范围，并使用现有证据核对输入、执行与报告。,,OLS 原生结果提供残差、观测分页和残差图；首批在同一模型结果上复用。,2026-09-16,ed2f321106433943f2eb1e9c0212de9c37d335ad
272,回归诊断/模型比较,Breusch–Pagan异方差检验,Diagnostic,Regression Diagnostics,Diagnostic Node,P0,diagnostic.breusch_pagan,Breusch–Pagan异方差检验,,回归诊断与比较,Diagnostic,估计后能力/节点,有源码对应（范围见备注）,,,yssbi.statistics.ols.fit;yssbi.statistics.ols.summary,实现存在（静态）,src-tauri/crates/yss-sci/src/regression/diagnostics/breusch_pagan.rs,未发现对应内置节点,,无直接节点；已有能力范围见备注,需核对传参与默认值,需扩展 OLS 结果分析/报告入口,未执行,复用已有能力并补入口,B2,已拟合模型及其推断统计,复核备注中的实现范围，贯通参数与结果；按批次补接节点并运行验收。,,SCI 中有算法；当前 OLS result analysis 的枚举未提供本项独立请求。,2026-09-16,ed2f321106433943f2eb1e9c0212de9c37d335ad
273,回归诊断/模型比较,White异方差检验,Diagnostic,Regression Diagnostics,Diagnostic Node,P0,diagnostic.white,White异方差检验,,回归诊断与比较,Diagnostic,估计后能力/节点,有源码对应（范围见备注）,,,yssbi.statistics.ols.fit;yssbi.statistics.ols.summary,实现存在（静态）,src-tauri/crates/yss-sci/src/regression/diagnostics/white.rs:40,未发现对应内置节点,,无直接节点；已有能力范围见备注,需核对传参与默认值,需扩展 OLS 结果分析/报告入口,未执行,复用已有能力并补入口,B2,已拟合模型及其推断统计,复核备注中的实现范围，贯通参数与结果；按批次补接节点并运行验收。,,SCI 中有算法；当前 OLS result analysis 的枚举未提供本项独立请求。,2026-09-16,ed2f321106433943f2eb1e9c0212de9c37d335ad
274,回归诊断/模型比较,Durbin–Watson检验,Diagnostic,Regression Diagnostics,Diagnostic Node,P0,diagnostic.durbin_watson,Durbin–Watson检验,,回归诊断与比较,Diagnostic,估计后能力/节点,有源码对应（范围见备注）,,,yssbi.statistics.ols.fit;yssbi.statistics.ols.summary,实现存在（静态）,src-tauri/crates/yss-sci/src/ts/serial_correlation.rs;src-tauri/crates/yss-sci-runtime/src/time_series/serial_tests.rs;src-tauri/crates/yss-graph-execution/src/result/analysis.rs,未发现对应内置节点,,无直接节点；已有能力范围见备注,lags/bg_nomiss0 请求可追到 Runtime,OLS serialTests 章节及查询已提供（静态）,未执行,复用已有能力并补入口,B1,已拟合模型及其推断统计,按 OLS_SPEC.md 完成此项在首批中的范围，并使用现有证据核对输入、执行与报告。,,已有 OLS 结果分析与独立 IPC 序列检验调用；独立图节点未定义。,2026-09-16,ed2f321106433943f2eb1e9c0212de9c37d335ad
275,回归诊断/模型比较,Breusch–Godfrey检验,Diagnostic,Regression Diagnostics,Diagnostic Node,P0,diagnostic.breusch_godfrey,Breusch–Godfrey检验,,回归诊断与比较,Diagnostic,估计后能力/节点,有源码对应（范围见备注）,,,yssbi.statistics.ols.fit;yssbi.statistics.ols.summary,实现存在（静态）,src-tauri/crates/yss-sci/src/ts/serial_correlation.rs;src-tauri/crates/yss-sci-runtime/src/time_series/serial_tests.rs;src-tauri/crates/yss-graph-execution/src/result/analysis.rs,未发现对应内置节点,,无直接节点；已有能力范围见备注,lags/bg_nomiss0 请求可追到 Runtime,OLS serialTests 章节及查询已提供（静态）,未执行,复用已有能力并补入口,B1,已拟合模型及其推断统计,按 OLS_SPEC.md 完成此项在首批中的范围，并使用现有证据核对输入、执行与报告。,,已有 OLS 结果分析与独立 IPC 序列检验调用；独立图节点未定义。,2026-09-16,ed2f321106433943f2eb1e9c0212de9c37d335ad
276,回归诊断/模型比较,Cook's Distance,Diagnostic,Regression Diagnostics,Diagnostic Node,P0,diagnostic.cooks_distance,Cook's Distance,,回归诊断与比较,Diagnostic,估计后能力/节点,有源码对应（范围见备注）,,,yssbi.statistics.ols.fit;yssbi.statistics.ols.summary,相关基础（非本方法实现）,src-tauri/crates/yss-sci/src/regression/diagnostics/leverage.rs,未发现对应内置节点,,无直接节点；已有能力范围见备注,待设计,未定位对应生产查询,未执行,复用已有能力并补入口,B2,已拟合模型及其推断统计,复核备注中的实现范围，贯通参数与结果；按批次补接节点并运行验收。,已找到 Leverage，但不能据此认定 Cook 距离已实现。,只定位 Leverage 基础，未定位 Cook 距离计算。,2026-09-16,ed2f321106433943f2eb1e9c0212de9c37d335ad
277,回归诊断/模型比较,杠杆值Leverage,Diagnostic,Regression Diagnostics,Diagnostic Node,P0,diagnostic.leverage,杠杆值Leverage,,回归诊断与比较,Diagnostic,估计后能力/节点,有源码对应（范围见备注）,,,yssbi.statistics.ols.fit;yssbi.statistics.ols.summary,实现存在（静态）,src-tauri/crates/yss-sci/src/regression/diagnostics/leverage.rs:6,未发现对应内置节点,,无直接节点；已有能力范围见备注,需核对传参与默认值,需扩展 OLS 结果分析/报告入口,未执行,复用已有能力并补入口,B2,已拟合模型及其推断统计,复核备注中的实现范围，贯通参数与结果；按批次补接节点并运行验收。,,SCI 中有算法；当前 OLS result analysis 的枚举未提供本项独立请求。,2026-09-16,ed2f321106433943f2eb1e9c0212de9c37d335ad
278,回归诊断/模型比较,VIF方差膨胀因子,Diagnostic,Regression Diagnostics,Diagnostic Node,P0,diagnostic.vif,VIF方差膨胀因子,,回归诊断与比较,Diagnostic,估计后能力/节点,有源码对应（范围见备注）,,,yssbi.statistics.ols.fit;yssbi.statistics.ols.summary,实现存在（静态）,src-tauri/crates/yss-sci/src/regression/diagnostics/vif.rs:16,未发现对应内置节点,,无直接节点；已有能力范围见备注,需核对传参与默认值,需扩展 OLS 结果分析/报告入口,未执行,复用已有能力并补入口,B2,已拟合模型及其推断统计,复核备注中的实现范围，贯通参数与结果；按批次补接节点并运行验收。,,SCI 中有算法；当前 OLS result analysis 的枚举未提供本项独立请求。,2026-09-16,ed2f321106433943f2eb1e9c0212de9c37d335ad
279,回归诊断/模型比较,AIC,Diagnostic,Model Comparison,Diagnostic Node,P0,diagnostic.aic,AIC,,回归诊断与比较,Diagnostic,结果指标/推断选项,有源码对应（范围见备注）,,,yssbi.statistics.logit.summary;yssbi.statistics.probit.summary;yssbi.statistics.var.lag_order,部分实现（模型内指标）,src-tauri/crates/yss-sci/src/regression/fit.rs:252;src-tauri/crates/yss-sci/src/ts/var/varsoc.rs,未发现对应内置节点,,无直接节点；已有能力范围见备注,需核对传参与默认值,报告定义/组件存在；执行待接入,未执行,复用已有能力并补入口,B2,已拟合模型及其推断统计,复核备注中的实现范围，贯通参数与结果；按批次补接节点并运行验收。,部分模型已计算 AIC；各模型样本与似然口径需说明，不能直接充当可比性证明。,AIC/BIC 在部分模型中已计算；当前原生 OLS 报告没有这些字段。,2026-09-16,ed2f321106433943f2eb1e9c0212de9c37d335ad
280,回归诊断/模型比较,BIC,Diagnostic,Model Comparison,Diagnostic Node,P0,diagnostic.bic,BIC,,回归诊断与比较,Diagnostic,结果指标/推断选项,有源码对应（范围见备注）,,,yssbi.statistics.logit.summary;yssbi.statistics.probit.summary;yssbi.statistics.var.lag_order,部分实现（模型内指标）,src-tauri/crates/yss-sci/src/regression/fit.rs:252;src-tauri/crates/yss-sci/src/ts/var/varsoc.rs,未发现对应内置节点,,无直接节点；已有能力范围见备注,需核对传参与默认值,报告定义/组件存在；执行待接入,未执行,复用已有能力并补入口,B2,已拟合模型及其推断统计,复核备注中的实现范围，贯通参数与结果；按批次补接节点并运行验收。,部分模型已计算 BIC；不同样本/似然口径的模型比较需限制。,AIC/BIC 在部分模型中已计算；当前原生 OLS 报告没有这些字段。,2026-09-16,ed2f321106433943f2eb1e9c0212de9c37d335ad
281,回归诊断/模型比较,似然比检验LR Test,Diagnostic,Model Comparison,Diagnostic Node,P0,diagnostic.lr,似然比检验LR Test,,回归诊断与比较,Diagnostic,估计后能力/节点,有源码对应（范围见备注）,,,yssbi.statistics.logit.summary;yssbi.statistics.probit.summary,部分实现（整体模型 LR）,src-tauri/crates/yss-sci/src/regression/discrete/logit.rs;src-tauri/crates/yss-sci/src/regression/discrete/probit.rs,未发现对应内置节点,,无直接节点；已有能力范围见备注,需核对传参与默认值,报告定义/组件存在；执行待接入,未执行,复用已有能力并补入口,B2,已拟合模型及其推断统计,复核备注中的实现范围，贯通参数与结果；按批次补接节点并运行验收。,二元模型已有整体 LR 统计量，不代表任意嵌套模型 LR 服务已实现。,只定位二元模型内部 LR 统计量；通用模型对比仍需定义。,2026-09-16,ed2f321106433943f2eb1e9c0212de9c37d335ad
282,回归诊断/模型比较,Wald检验,Diagnostic,Model Comparison,Diagnostic Node,P0,diagnostic.wald,Wald检验,,回归诊断与比较,Diagnostic,估计后能力/节点,有源码对应（范围见备注）,,,yssbi.statistics.ols.fit;yssbi.statistics.ols.summary,实现存在（静态）,src-tauri/crates/yss-sci/src/stats/wald_test.rs;src-tauri/crates/yss-sci/src/stats/linear_hypothesis.rs;src-tauri/crates/yss-graph-execution/src/result/analysis.rs,未发现对应内置节点,,无直接节点；已有能力范围见备注,hypothesis 从结果请求到 SCI 可追溯,OLS hypothesisTest 章节及查询已提供（静态）,未执行,复用已有能力并补入口,B1,已拟合模型及其推断统计,按 OLS_SPEC.md 完成此项在首批中的范围，并使用现有证据核对输入、执行与报告。,,OLS 结果上的线性约束 t/Wald 已接查询；不等同所有非线性模型的 Wald 服务。,2026-09-16,ed2f321106433943f2eb1e9c0212de9c37d335ad
283,回归诊断/模型比较,Score/LM检验,Diagnostic,Model Comparison,Diagnostic Node,P0,diagnostic.score_lm,Score/LM检验,,回归诊断与比较,Diagnostic,估计后能力/节点,有源码对应（范围见备注）,,,yssbi.statistics.iv.2sls.summary,部分实现（模型专用）,src-tauri/crates/yss-sci/src/regression/linear_model/iv2sls/fit.rs;src-tauri/crates/yss-sci/src/ts/serial_correlation.rs,未发现对应内置节点,,无直接节点；已有能力范围见备注,需核对传参与默认值,报告定义/组件存在；执行待接入,未执行,复用已有能力并补入口,B2,已拟合模型及其推断统计,复核备注中的实现范围，贯通参数与结果；按批次补接节点并运行验收。,已有部分模型专用 LM/score 检验；不能泛化为任意模型的通用入口。,已有内生性 score 和 BG 等专用计算，不代表通用 Score/LM 节点。,2026-09-16,ed2f321106433943f2eb1e9c0212de9c37d335ad
284,回归诊断/模型比较,嵌套模型比较,Diagnostic,Model Comparison,Diagnostic Node,P0,diagnostic.nested_comparison,嵌套模型比较,,回归诊断与比较,Diagnostic,估计后能力/节点,初步映射（范围需细化）,,,,未定位（本轮检索）,,未发现对应内置节点,,无直接节点入口,未核对,未定位专用报告入口,未执行,新增（先确认算法与产品范围）,B2,已拟合模型及其推断统计,明确嵌套模型比较的输入设计、参数、输出与参考实现后开发。,明确相同样本、嵌套约束和可用检验类型。,未定位仅表示本轮在宿主 SCI/Runtime/目录/执行及相关前端中未找到直接实现，不代表已证明缺失。,2026-09-16,ed2f321106433943f2eb1e9c0212de9c37d335ad
285,估计后分析,边际效应Marginal Effects,Post-estimation,Prediction/Margins,Post-estimation Node,P0,postestimation.marginal_effects,边际效应Marginal Effects,,估计后分析,Post-estimation,估计后能力/节点,有源码对应（范围见备注）,,,yssbi.statistics.logit.summary;yssbi.statistics.probit.summary,前端相关计算（待后端化）,src/modules/results/internal/ui/info/shared/MarginsBlock.tsx,未发现对应内置节点,,无直接节点；已有能力范围见备注,前端 at() / 模式选择存在；需核对统计范围,Binary 报告组件存在；模型节点执行未接入,未执行,复用已有能力并补入口,B2,已拟合模型与预测设计,复核备注中的实现范围，贯通参数与结果；按批次补接节点并运行验收。,前端有边际效应计算；后续应迁入后端能力并补不确定性估计与适用范围。,computeMargins 位于前端；尚无 Rust 统一估计后入口。,2026-09-16,ed2f321106433943f2eb1e9c0212de9c37d335ad
286,估计后分析,预测值/预测概率,Post-estimation,Prediction/Margins,Post-estimation Node,P0,postestimation.predict,预测值/预测概率,,估计后分析,Post-estimation,估计后能力/节点,有源码对应（范围见备注）,,yssbi.statistics.linear.predict;yssbi.statistics.logit.predict;yssbi.statistics.probit.predict,,部分实现（拟合值基础）,src-tauri/crates/yss-node-kernel/src/builtins/statistics.rs;src-tauri/crates/yss-sci/src/regression/fit.rs,定义存在,yssbi.statistics.linear.predict;yssbi.statistics.logit.predict;yssbi.statistics.probit.predict,未注册,需保存训练变量顺序及截距配置,拟合值可查看；预测节点结果待实现,未执行,补接/重构,B1,已拟合模型与预测设计,按 OLS_SPEC.md 完成此项在首批中的范围，并使用现有证据核对输入、执行与报告。,区分训练拟合值与新数据预测；首批仅定义 OLS 点预测。,训练拟合值存在；三个新数据预测节点均未注册，首批接通 OLS 点预测。,2026-09-16,working-tree@ed2f321106433943f2eb1e9c0212de9c37d335ad
287,估计后分析,调整后预测Adjusted Predictions,Post-estimation,Prediction/Margins,Post-estimation Node,P0,postestimation.adjusted_predictions,调整后预测Adjusted Predictions,,估计后分析,Post-estimation,估计后能力/节点,有源码对应（范围见备注）,,,,相关基础（非完整实现）,src-tauri/crates/yss-sci/src/stats/linear_hypothesis.rs;src/modules/results/internal/ui/info/shared/MarginsBlock.tsx,未发现对应内置节点,,无直接节点；已有能力范围见备注,需核对传参与默认值,未定位专用生产查询,未执行,复用已有能力并补入口,B2,已拟合模型与预测设计,复核备注中的实现范围，贯通参数与结果；按批次补接节点并运行验收。,at() 解析与边际效应 UI 不等于调整后预测已实现。,只定位 at() 解析与边际效应组件；调整后预测的定义和后端计算待实现。,2026-09-16,ed2f321106433943f2eb1e9c0212de9c37d335ad
288,缺失数据,缺失模式分析,Transform,Missing Data,Transform Node,P0,missing.pattern,缺失模式分析,,缺失数据,Diagnostic,分析节点,有源码对应（范围见备注）,,,yssbi.dataframe.filter.rows,相关基础（缺失计数）,src-tauri/crates/yss-datafusion/src/profile.rs,未发现对应内置节点,,无直接节点；已有能力范围见备注,需核对传参与默认值,列画像可参考；专用分析待实现,未执行,复用已有能力并补入口,B3,缺失策略、数据类型与样本追踪,复核备注中的实现范围，贯通参数与结果；按批次补接节点并运行验收。,,列画像有缺失计数；异常识别、缺失模式联合分析和插补未定位直接实现。,2026-09-16,ed2f321106433943f2eb1e9c0212de9c37d335ad
289,缺失数据,单次插补,Transform,Missing Data,Transform Node,P0,missing.single_imputation,单次插补,,缺失数据,Transform,独立节点,初步归类,,,,未定位（本轮检索）,,未发现对应内置节点,,无直接节点入口,未核对,未定位专用报告入口,未执行,新增（先确认算法与产品范围）,B3,缺失策略、数据类型与样本追踪,明确单次插补的输入设计、参数、输出与参考实现后开发。,,未定位仅表示本轮在宿主 SCI/Runtime/目录/执行及相关前端中未找到直接实现，不代表已证明缺失。,2026-09-16,ed2f321106433943f2eb1e9c0212de9c37d335ad
290,缺失数据,多重插补MI,Transform,Missing Data,Transform Node,P0,missing.multiple_imputation,多重插补MI,,缺失数据,Transform,独立节点,初步映射（范围需细化）,,,,未定位（本轮检索）,,未发现对应内置节点,,无直接节点入口,未核对,未定位专用报告入口,未执行,新增（先确认算法与产品范围）,B5,缺失策略、数据类型与样本追踪,明确多重插补MI的输入设计、参数、输出与参考实现后开发。,插补数据集、合并推断与随机种子必须一起定义。,未定位仅表示本轮在宿主 SCI/Runtime/目录/执行及相关前端中未找到直接实现，不代表已证明缺失。,2026-09-16,ed2f321106433943f2eb1e9c0212de9c37d335ad
291,缺失数据,MICE链式方程多重插补,Transform,Missing Data,Transform Node,P0,missing.mice,MICE链式方程多重插补,,缺失数据,Transform,独立节点,初步映射（范围需细化）,,,,未定位（本轮检索）,,未发现对应内置节点,,无直接节点入口,未核对,未定位专用报告入口,未执行,新增（先确认算法与产品范围）,B5,缺失策略、数据类型与样本追踪,明确MICE链式方程多重插补的输入设计、参数、输出与参考实现后开发。,MICE 是 MI 的具体算法，不能与通用 MI 入口直接视为同一实现。,未定位仅表示本轮在宿主 SCI/Runtime/目录/执行及相关前端中未找到直接实现，不代表已证明缺失。,2026-09-16,ed2f321106433943f2eb1e9c0212de9c37d335ad
292,复杂抽样/Survey,抽样权重,Transform,Weight/Design,Transform Node,P0,survey.weights,抽样权重,,复杂抽样,Transform,分析设计对象,初步映射（范围需细化）,,,,未定位（本轮检索）,,未发现对应内置节点,,无直接节点入口,未核对,未定位专用报告入口,未执行,明确产品形态后复用/新增,B5,权重类型、分层、PSU及方差估计,明确抽样权重的输入设计、参数、输出与参考实现后开发。,抽样权重与 WLS 精度权重、IPW 分别定义。,未定位仅表示本轮在宿主 SCI/Runtime/目录/执行及相关前端中未找到直接实现，不代表已证明缺失。,2026-09-16,ed2f321106433943f2eb1e9c0212de9c37d335ad
293,复杂抽样/Survey,分层抽样分析,Estimator,Survey Estimator,Analysis Node,P1,survey.stratified,分层抽样分析,,复杂抽样,Estimator,独立节点,初步归类,,,,未定位（本轮检索）,,未发现对应内置节点,,无直接节点入口,未核对,未定位专用报告入口,未执行,新增（先确认算法与产品范围）,B5,权重类型、分层、PSU及方差估计,明确分层抽样分析的输入设计、参数、输出与参考实现后开发。,,未定位仅表示本轮在宿主 SCI/Runtime/目录/执行及相关前端中未找到直接实现，不代表已证明缺失。,2026-09-16,ed2f321106433943f2eb1e9c0212de9c37d335ad
294,复杂抽样/Survey,整群抽样分析,Estimator,Survey Estimator,Analysis Node,P1,survey.clustered,整群抽样分析,,复杂抽样,Estimator,独立节点,初步归类,,,,未定位（本轮检索）,,未发现对应内置节点,,无直接节点入口,未核对,未定位专用报告入口,未执行,新增（先确认算法与产品范围）,B5,权重类型、分层、PSU及方差估计,明确整群抽样分析的输入设计、参数、输出与参考实现后开发。,,未定位仅表示本轮在宿主 SCI/Runtime/目录/执行及相关前端中未找到直接实现，不代表已证明缺失。,2026-09-16,ed2f321106433943f2eb1e9c0212de9c37d335ad
295,复杂抽样/Survey,复杂抽样均值/比例,Estimator,Survey Estimator,Analysis Node,P1,survey.mean_proportion,复杂抽样均值/比例,,复杂抽样,Estimator,独立节点,初步归类,,,,未定位（本轮检索）,,未发现对应内置节点,,无直接节点入口,未核对,未定位专用报告入口,未执行,新增（先确认算法与产品范围）,B5,权重类型、分层、PSU及方差估计,明确复杂抽样均值/比例的输入设计、参数、输出与参考实现后开发。,,未定位仅表示本轮在宿主 SCI/Runtime/目录/执行及相关前端中未找到直接实现，不代表已证明缺失。,2026-09-16,ed2f321106433943f2eb1e9c0212de9c37d335ad
296,复杂抽样/Survey,Survey线性回归,Estimator,Survey Estimator,Analysis Node,P1,survey.linear_regression,Survey线性回归,,复杂抽样,Estimator,独立节点,初步归类,,,,未定位（本轮检索）,,未发现对应内置节点,,无直接节点入口,未核对,未定位专用报告入口,未执行,新增（先确认算法与产品范围）,B5,权重类型、分层、PSU及方差估计,明确Survey线性回归的输入设计、参数、输出与参考实现后开发。,,未定位仅表示本轮在宿主 SCI/Runtime/目录/执行及相关前端中未找到直接实现，不代表已证明缺失。,2026-09-16,ed2f321106433943f2eb1e9c0212de9c37d335ad
297,复杂抽样/Survey,Survey Logistic回归,Estimator,Survey Estimator,Analysis Node,P1,survey.logistic,Survey Logistic回归,,复杂抽样,Estimator,独立节点,初步归类,,,,未定位（本轮检索）,,未发现对应内置节点,,无直接节点入口,未核对,未定位专用报告入口,未执行,新增（先确认算法与产品范围）,B5,权重类型、分层、PSU及方差估计,明确Survey Logistic回归的输入设计、参数、输出与参考实现后开发。,,未定位仅表示本轮在宿主 SCI/Runtime/目录/执行及相关前端中未找到直接实现，不代表已证明缺失。,2026-09-16,ed2f321106433943f2eb1e9c0212de9c37d335ad
298,复杂抽样/Survey,Survey Poisson回归,Estimator,Survey Estimator,Analysis Node,P1,survey.poisson,Survey Poisson回归,,复杂抽样,Estimator,独立节点,初步归类,,,,未定位（本轮检索）,,未发现对应内置节点,,无直接节点入口,未核对,未定位专用报告入口,未执行,新增（先确认算法与产品范围）,B5,权重类型、分层、PSU及方差估计,明确Survey Poisson回归的输入设计、参数、输出与参考实现后开发。,,未定位仅表示本轮在宿主 SCI/Runtime/目录/执行及相关前端中未找到直接实现，不代表已证明缺失。,2026-09-16,ed2f321106433943f2eb1e9c0212de9c37d335ad
299,计量经济/因果推断,固定效应FE,Estimator,Econometric/Causal Estimator,Model Node,P1,econometrics.panel.fe,固定效应FE,,计量经济与因果推断,Estimator,独立节点,有源码对应（范围见备注）,,,yssbi.statistics.panel.summary,实现存在（静态）,src-tauri/crates/yss-sci/src/regression/panel/fe.rs,未发现对应内置节点,,无直接节点；已有能力范围见备注,需核对传参与默认值,报告定义/组件存在；执行待接入,未执行,复用已有能力并补入口,B4,实体/时间/处理/工具变量设计,复核备注中的实现范围，贯通参数与结果；按批次补接节点并运行验收。,,已有模型算法；面板目录只有方法族入口，对应配置和输出需逐项接入。,2026-09-16,ed2f321106433943f2eb1e9c0212de9c37d335ad
300,计量经济/因果推断,随机效应RE,Estimator,Econometric/Causal Estimator,Model Node,P1,econometrics.panel.re,随机效应RE,,计量经济与因果推断,Estimator,独立节点,有源码对应（范围见备注）,,,yssbi.statistics.panel.summary,实现存在（静态）,src-tauri/crates/yss-sci/src/regression/panel/re.rs,未发现对应内置节点,,无直接节点；已有能力范围见备注,需核对传参与默认值,报告定义/组件存在；执行待接入,未执行,复用已有能力并补入口,B4,实体/时间/处理/工具变量设计,复核备注中的实现范围，贯通参数与结果；按批次补接节点并运行验收。,,已有模型算法；面板目录只有方法族入口，对应配置和输出需逐项接入。,2026-09-16,ed2f321106433943f2eb1e9c0212de9c37d335ad
301,计量经济/因果推断,Hausman检验,Test,Assumption/Specification Test,Test Node,P1,diagnostic.hausman,Hausman检验,,计量经济与因果推断,Test,独立节点,有源码对应（范围见备注）,,,yssbi.statistics.panel.summary;yssbi.statistics.iv.2sls.summary,相关实现（IV 版本/面板字段）,src-tauri/crates/yss-sci/src/regression/linear_model/iv2sls/fit.rs;src-tauri/crates/yss-sci/src/regression/panel/mod.rs,未发现对应内置节点,,无直接节点；已有能力范围见备注,需核对传参与默认值,报告定义/组件存在；执行待接入,未执行,复用已有能力并补入口,B4,实体/时间/处理/工具变量设计,复核备注中的实现范围，贯通参数与结果；按批次补接节点并运行验收。,已定位 IV Hausman 计算和面板协方差字段，未定位独立面板 FE/RE Hausman 执行入口。,IV Hausman 已有计算；未定位面板 FE/RE Hausman 的独立生产入口。,2026-09-16,ed2f321106433943f2eb1e9c0212de9c37d335ad
302,计量经济/因果推断,第一差分模型,Estimator,Econometric/Causal Estimator,Model Node,P1,econometrics.panel.fd,第一差分模型,,计量经济与因果推断,Estimator,独立节点,有源码对应（范围见备注）,,,yssbi.statistics.panel.summary,实现存在（静态）,src-tauri/crates/yss-sci/src/regression/panel/fd.rs,未发现对应内置节点,,无直接节点；已有能力范围见备注,需核对传参与默认值,报告定义/组件存在；执行待接入,未执行,复用已有能力并补入口,B4,实体/时间/处理/工具变量设计,复核备注中的实现范围，贯通参数与结果；按批次补接节点并运行验收。,,已有模型算法；面板目录只有方法族入口，对应配置和输出需逐项接入。,2026-09-16,ed2f321106433943f2eb1e9c0212de9c37d335ad
303,计量经济/因果推断,组间估计Between Estimator,Estimator,Econometric/Causal Estimator,Model Node,P1,econometrics.panel.between,组间估计Between Estimator,,计量经济与因果推断,Estimator,独立节点,有源码对应（范围见备注）,,,yssbi.statistics.panel.summary,实现存在（静态）,src-tauri/crates/yss-sci/src/regression/panel/re/be.rs,未发现对应内置节点,,无直接节点；已有能力范围见备注,需核对传参与默认值,报告定义/组件存在；执行待接入,未执行,复用已有能力并补入口,B4,实体/时间/处理/工具变量设计,复核备注中的实现范围，贯通参数与结果；按批次补接节点并运行验收。,,已有模型算法；面板目录只有方法族入口，对应配置和输出需逐项接入。,2026-09-16,ed2f321106433943f2eb1e9c0212de9c37d335ad
304,计量经济/因果推断,Cluster-Robust标准误,Estimator,Econometric/Causal Estimator,Model Node,P1,inference.cluster_robust,Cluster-Robust标准误,,计量经济与因果推断,Post-estimation,推断配置,有源码对应（范围见备注）,,,yssbi.statistics.ols.fit;yssbi.statistics.ols.summary,实现存在（静态）,src-tauri/crates/yss-sci/src/regression/covariance.rs:527;src-tauri/crates/yss-sci-contract/src/regression.rs,未发现对应内置节点,,无直接节点；已有能力范围见备注,缺聚类列及对应配置,尚未接到 OLS 节点,未执行,复用已有能力并补入口,B4,实体/时间/处理/工具变量设计,复核备注中的实现范围，贯通参数与结果；按批次补接节点并运行验收。,SCI 有 Cluster 协方差实现，OLS 节点尚无聚类列输入。,SCI 与 OlsOptions 有 Cluster；OLS 节点没有聚类列输入。,2026-09-16,ed2f321106433943f2eb1e9c0212de9c37d335ad
305,计量经济/因果推断,面板单位根检验,Test,Hypothesis Test,Test Node,P1,econometrics.panel.unit_root,面板单位根检验,,计量经济与因果推断,Test,独立节点,初步归类,,,,未定位（本轮检索）,,未发现对应内置节点,,无直接节点入口,未核对,未定位专用报告入口,未执行,新增（先确认算法与产品范围）,B4,实体/时间/处理/工具变量设计,明确面板单位根检验的输入设计、参数、输出与参考实现后开发。,,未定位仅表示本轮在宿主 SCI/Runtime/目录/执行及相关前端中未找到直接实现，不代表已证明缺失。,2026-09-16,ed2f321106433943f2eb1e9c0212de9c37d335ad
306,计量经济/因果推断,面板协整检验,Test,Assumption/Specification Test,Test Node,P1,econometrics.panel.cointegration,面板协整检验,,计量经济与因果推断,Test,独立节点,初步归类,,,,未定位（本轮检索）,,未发现对应内置节点,,无直接节点入口,未核对,未定位专用报告入口,未执行,新增（先确认算法与产品范围）,B4,实体/时间/处理/工具变量设计,明确面板协整检验的输入设计、参数、输出与参考实现后开发。,,未定位仅表示本轮在宿主 SCI/Runtime/目录/执行及相关前端中未找到直接实现，不代表已证明缺失。,2026-09-16,ed2f321106433943f2eb1e9c0212de9c37d335ad
307,计量经济/因果推断,IPW/IPTW逆概率加权,Estimator,Econometric/Causal Estimator,Model Node,P1,causal.ipw,IPW/IPTW逆概率加权,,计量经济与因果推断,Estimator,独立节点,初步归类,,,,未定位（本轮检索）,,未发现对应内置节点,,无直接节点入口,未核对,未定位专用报告入口,未执行,新增（先确认算法与产品范围）,B4,实体/时间/处理/工具变量设计,明确IPW/IPTW逆概率加权的输入设计、参数、输出与参考实现后开发。,,未定位仅表示本轮在宿主 SCI/Runtime/目录/执行及相关前端中未找到直接实现，不代表已证明缺失。,2026-09-16,ed2f321106433943f2eb1e9c0212de9c37d335ad
308,计量经济/因果推断,回归调整RA,Estimator,Econometric/Causal Estimator,Model Node,P1,causal.regression_adjustment,回归调整RA,,计量经济与因果推断,Estimator,独立节点,初步归类,,,,未定位（本轮检索）,,未发现对应内置节点,,无直接节点入口,未核对,未定位专用报告入口,未执行,新增（先确认算法与产品范围）,B4,实体/时间/处理/工具变量设计,明确回归调整RA的输入设计、参数、输出与参考实现后开发。,,未定位仅表示本轮在宿主 SCI/Runtime/目录/执行及相关前端中未找到直接实现，不代表已证明缺失。,2026-09-16,ed2f321106433943f2eb1e9c0212de9c37d335ad
309,计量经济/因果推断,AIPW双重稳健估计,Estimator,Econometric/Causal Estimator,Model Node,P1,causal.aipw,AIPW双重稳健估计,,计量经济与因果推断,Estimator,独立节点,初步归类,,,,未定位（本轮检索）,,未发现对应内置节点,,无直接节点入口,未核对,未定位专用报告入口,未执行,新增（先确认算法与产品范围）,B4,实体/时间/处理/工具变量设计,明确AIPW双重稳健估计的输入设计、参数、输出与参考实现后开发。,,未定位仅表示本轮在宿主 SCI/Runtime/目录/执行及相关前端中未找到直接实现，不代表已证明缺失。,2026-09-16,ed2f321106433943f2eb1e9c0212de9c37d335ad
310,计量经济/因果推断,ATE,Estimator,Econometric/Causal Estimator,Model Node,P1,causal.ate,ATE,,计量经济与因果推断,Post-estimation,结果指标/推断选项,初步映射（范围需细化）,,,,未定位（本轮检索）,,未发现对应内置节点,,无直接节点入口,未核对,未定位专用报告入口,未执行,明确产品形态后复用/新增,B4,实体/时间/处理/工具变量设计,明确ATE的输入设计、参数、输出与参考实现后开发。,ATE 是目标效应量，需由具体识别与估计方法产生。,未定位仅表示本轮在宿主 SCI/Runtime/目录/执行及相关前端中未找到直接实现，不代表已证明缺失。,2026-09-16,ed2f321106433943f2eb1e9c0212de9c37d335ad
311,计量经济/因果推断,ATT/ATET,Estimator,Econometric/Causal Estimator,Model Node,P1,causal.att,ATT/ATET,,计量经济与因果推断,Post-estimation,结果指标/推断选项,初步映射（范围需细化）,,,,未定位（本轮检索）,,未发现对应内置节点,,无直接节点入口,未核对,未定位专用报告入口,未执行,明确产品形态后复用/新增,B4,实体/时间/处理/工具变量设计,明确ATT/ATET的输入设计、参数、输出与参考实现后开发。,ATT/ATET 是目标效应量，需由具体识别与估计方法产生。,未定位仅表示本轮在宿主 SCI/Runtime/目录/执行及相关前端中未找到直接实现，不代表已证明缺失。,2026-09-16,ed2f321106433943f2eb1e9c0212de9c37d335ad
312,计量经济/因果推断,Event Study事件研究,Estimator,Econometric/Causal Estimator,Model Node,P1,causal.event_study,Event Study事件研究,,计量经济与因果推断,Estimator,独立节点,有源码对应（范围见备注）,,yssbi.statistics.panel.did.twfe,,部分实现（TWFE 及相关分析）,src-tauri/crates/yss-sci/src/regression/panel/fe.rs;src-tauri/crates/yss-sci/src/regression/panel/did.rs;src-tauri/crates/yss-sci-runtime/src/panel/did.rs,定义存在,yssbi.statistics.panel.did.twfe,未注册,需核对传参与默认值,报告定义/组件存在；执行待接入,未执行,补接/重构,B4,实体/时间/处理/工具变量设计,复核备注中的实现范围，贯通参数与结果；按批次补接节点并运行验收。,仅已定位 TWFE 内事件研究计算；其他事件研究估计方式另行核对。,仅定位 TWFE/事件研究和随机化推断相关实现；其他 DID/事件研究方法未作覆盖声明。,2026-09-16,ed2f321106433943f2eb1e9c0212de9c37d335ad
313,计量经济/因果推断,Synthetic Control合成控制,Estimator,Econometric/Causal Estimator,Model Node,P1,causal.synthetic_control,Synthetic Control合成控制,,计量经济与因果推断,Estimator,独立节点,初步归类,,,,未定位（本轮检索）,,未发现对应内置节点,,无直接节点入口,未核对,未定位专用报告入口,未执行,新增（先确认算法与产品范围）,B4,实体/时间/处理/工具变量设计,明确Synthetic Control合成控制的输入设计、参数、输出与参考实现后开发。,,未定位仅表示本轮在宿主 SCI/Runtime/目录/执行及相关前端中未找到直接实现，不代表已证明缺失。,2026-09-16,ed2f321106433943f2eb1e9c0212de9c37d335ad
314,生存分析,Log-rank检验,Test,Hypothesis Test,Test Node,P1,survival.logrank,Log-rank检验,,生存分析,Test,独立节点,初步归类,,,,未定位（本轮检索）,,未发现对应内置节点,,无直接节点入口,未核对,未定位专用报告入口,未执行,新增（先确认算法与产品范围）,B5,生存时间、删失、事件编码与模型结果,明确Log-rank检验的输入设计、参数、输出与参考实现后开发。,,未定位仅表示本轮在宿主 SCI/Runtime/目录/执行及相关前端中未找到直接实现，不代表已证明缺失。,2026-09-16,ed2f321106433943f2eb1e9c0212de9c37d335ad
315,生存分析,Nelson–Aalen累积风险,Estimator,Survival Model,Model Node,P1,survival.nelson_aalen,Nelson–Aalen累积风险,,生存分析,Estimator,独立节点,初步归类,,,,未定位（本轮检索）,,未发现对应内置节点,,无直接节点入口,未核对,未定位专用报告入口,未执行,新增（先确认算法与产品范围）,B5,生存时间、删失、事件编码与模型结果,明确Nelson–Aalen累积风险的输入设计、参数、输出与参考实现后开发。,,未定位仅表示本轮在宿主 SCI/Runtime/目录/执行及相关前端中未找到直接实现，不代表已证明缺失。,2026-09-16,ed2f321106433943f2eb1e9c0212de9c37d335ad
316,生存分析,指数分布生存模型,Estimator,Survival Model,Model Node,P1,survival.exponential,指数分布生存模型,,生存分析,Estimator,独立节点,初步归类,,,,未定位（本轮检索）,,未发现对应内置节点,,无直接节点入口,未核对,未定位专用报告入口,未执行,新增（先确认算法与产品范围）,B5,生存时间、删失、事件编码与模型结果,明确指数分布生存模型的输入设计、参数、输出与参考实现后开发。,,概率分布采样节点不等同对应检验、回归或生存模型；本轮未定位直接实现。,2026-09-16,ed2f321106433943f2eb1e9c0212de9c37d335ad
317,生存分析,Weibull生存模型,Estimator,Survival Model,Model Node,P1,survival.weibull,Weibull生存模型,,生存分析,Estimator,独立节点,初步归类,,,,未定位（本轮检索）,,未发现对应内置节点,,无直接节点入口,未核对,未定位专用报告入口,未执行,新增（先确认算法与产品范围）,B5,生存时间、删失、事件编码与模型结果,明确Weibull生存模型的输入设计、参数、输出与参考实现后开发。,,概率分布采样节点不等同对应检验、回归或生存模型；本轮未定位直接实现。,2026-09-16,ed2f321106433943f2eb1e9c0212de9c37d335ad
318,生存分析,Lognormal生存模型,Estimator,Survival Model,Model Node,P1,survival.lognormal,Lognormal生存模型,,生存分析,Estimator,独立节点,初步归类,,,,未定位（本轮检索）,,未发现对应内置节点,,无直接节点入口,未核对,未定位专用报告入口,未执行,新增（先确认算法与产品范围）,B5,生存时间、删失、事件编码与模型结果,明确Lognormal生存模型的输入设计、参数、输出与参考实现后开发。,,概率分布采样节点不等同对应检验、回归或生存模型；本轮未定位直接实现。,2026-09-16,ed2f321106433943f2eb1e9c0212de9c37d335ad
319,生存分析,Log-logistic生存模型,Estimator,Survival Model,Model Node,P1,survival.loglogistic,Log-logistic生存模型,,生存分析,Estimator,独立节点,初步归类,,,,未定位（本轮检索）,,未发现对应内置节点,,无直接节点入口,未核对,未定位专用报告入口,未执行,新增（先确认算法与产品范围）,B5,生存时间、删失、事件编码与模型结果,明确Log-logistic生存模型的输入设计、参数、输出与参考实现后开发。,,未定位仅表示本轮在宿主 SCI/Runtime/目录/执行及相关前端中未找到直接实现，不代表已证明缺失。,2026-09-16,ed2f321106433943f2eb1e9c0212de9c37d335ad
320,生存分析,AFT加速失效时间模型,Estimator,Survival Model,Model Node,P1,survival.aft,AFT加速失效时间模型,,生存分析,Estimator,独立节点,初步归类,,,,未定位（本轮检索）,,未发现对应内置节点,,无直接节点入口,未核对,未定位专用报告入口,未执行,新增（先确认算法与产品范围）,B5,生存时间、删失、事件编码与模型结果,明确AFT加速失效时间模型的输入设计、参数、输出与参考实现后开发。,,未定位仅表示本轮在宿主 SCI/Runtime/目录/执行及相关前端中未找到直接实现，不代表已证明缺失。,2026-09-16,ed2f321106433943f2eb1e9c0212de9c37d335ad
321,生存分析,竞争风险模型,Estimator,Survival Model,Model Node,P1,survival.competing_risks,竞争风险模型,,生存分析,Estimator,独立节点,初步映射（范围需细化）,,,,未定位（本轮检索）,,未发现对应内置节点,,无直接节点入口,未核对,未定位专用报告入口,未执行,新增（先确认算法与产品范围）,B5,生存时间、删失、事件编码与模型结果,明确竞争风险模型的输入设计、参数、输出与参考实现后开发。,明确原因特异风险、亚分布风险或其他竞争风险模型。,未定位仅表示本轮在宿主 SCI/Runtime/目录/执行及相关前端中未找到直接实现，不代表已证明缺失。,2026-09-16,ed2f321106433943f2eb1e9c0212de9c37d335ad
322,生存分析,时间依赖Cox模型,Estimator,Survival Model,Model Node,P1,survival.time_dependent_cox,时间依赖Cox模型,,生存分析,Estimator,独立节点,初步归类,,,,未定位（本轮检索）,,未发现对应内置节点,,无直接节点入口,未核对,未定位专用报告入口,未执行,新增（先确认算法与产品范围）,B5,生存时间、删失、事件编码与模型结果,明确时间依赖Cox模型的输入设计、参数、输出与参考实现后开发。,,未定位仅表示本轮在宿主 SCI/Runtime/目录/执行及相关前端中未找到直接实现，不代表已证明缺失。,2026-09-16,ed2f321106433943f2eb1e9c0212de9c37d335ad
323,生存分析,比例风险PH假设检验,Diagnostic,Model Diagnostics,Diagnostic Node,P1,diagnostic.ph,比例风险PH假设检验,,生存分析,Diagnostic,估计后能力/节点,初步归类,,,,未定位（本轮检索）,,未发现对应内置节点,,无直接节点入口,未核对,未定位专用报告入口,未执行,新增（先确认算法与产品范围）,B5,生存时间、删失、事件编码与模型结果,明确比例风险PH假设检验的输入设计、参数、输出与参考实现后开发。,,未定位仅表示本轮在宿主 SCI/Runtime/目录/执行及相关前端中未找到直接实现，不代表已证明缺失。,2026-09-16,ed2f321106433943f2eb1e9c0212de9c37d335ad
324,时间序列,ACF自相关函数,Visualization,Time-series Plot,Visualization Node,P1,timeseries.acf,ACF自相关函数,,时间序列,Post-estimation,分析节点/结果能力,有源码对应（范围见备注）,,,yssbi.plot.correlogram.view;yssbi.statistics.ols.fit;yssbi.statistics.ols.summary,实现存在（静态）,src-tauri/crates/yss-sci/src/ts/acf_pacf.rs:9;src-tauri/crates/yss-sci-runtime/src/time_series/acf_pacf.rs;src-tauri/crates/yss-graph-execution/src/result/analysis.rs,未发现对应内置节点,,无直接节点；已有能力范围见备注,已有 max_lag 准入；与样本量的约束待验收,OLS acfPacf 章节及独立 IPC 已提供（静态）,未执行,复用已有能力并补入口,B1;B4,时间顺序、滞后、对齐与模型结果,按 OLS_SPEC.md 完成此项在首批中的范围，并使用现有证据核对输入、执行与报告。,数值 ACF 应为分析结果，绘图作为 117 的消费端。,ACF/PACF 数值函数及 OLS 残差分析入口存在；一般序列的独立图入口未接通。,2026-09-16,ed2f321106433943f2eb1e9c0212de9c37d335ad
325,时间序列,PACF偏自相关函数,Visualization,Time-series Plot,Visualization Node,P1,timeseries.pacf,PACF偏自相关函数,,时间序列,Post-estimation,分析节点/结果能力,有源码对应（范围见备注）,,,yssbi.plot.correlogram.view;yssbi.statistics.ols.fit;yssbi.statistics.ols.summary,实现存在（静态）,src-tauri/crates/yss-sci/src/ts/acf_pacf.rs:36;src-tauri/crates/yss-sci-runtime/src/time_series/acf_pacf.rs;src-tauri/crates/yss-graph-execution/src/result/analysis.rs,未发现对应内置节点,,无直接节点；已有能力范围见备注,已有 max_lag 准入；与样本量的约束待验收,OLS acfPacf 章节及独立 IPC 已提供（静态）,未执行,复用已有能力并补入口,B1;B4,时间顺序、滞后、对齐与模型结果,按 OLS_SPEC.md 完成此项在首批中的范围，并使用现有证据核对输入、执行与报告。,数值 PACF 应为分析结果，绘图作为 117 的消费端。,ACF/PACF 数值函数及 OLS 残差分析入口存在；一般序列的独立图入口未接通。,2026-09-16,ed2f321106433943f2eb1e9c0212de9c37d335ad
326,时间序列,Phillips–Perron检验,Test,Assumption/Specification Test,Test Node,P1,timeseries.phillips_perron,Phillips–Perron检验,,时间序列,Test,独立节点,初步归类,,,,未定位（本轮检索）,,未发现对应内置节点,,无直接节点入口,未核对,未定位专用报告入口,未执行,新增（先确认算法与产品范围）,B4,时间顺序、滞后、对齐与模型结果,明确Phillips–Perron检验的输入设计、参数、输出与参考实现后开发。,,未定位仅表示本轮在宿主 SCI/Runtime/目录/执行及相关前端中未找到直接实现，不代表已证明缺失。,2026-09-16,ed2f321106433943f2eb1e9c0212de9c37d335ad
327,时间序列,KPSS检验,Test,Assumption/Specification Test,Test Node,P1,timeseries.kpss,KPSS检验,,时间序列,Test,独立节点,初步归类,,,,未定位（本轮检索）,,未发现对应内置节点,,无直接节点入口,未核对,未定位专用报告入口,未执行,新增（先确认算法与产品范围）,B4,时间顺序、滞后、对齐与模型结果,明确KPSS检验的输入设计、参数、输出与参考实现后开发。,,未定位仅表示本轮在宿主 SCI/Runtime/目录/执行及相关前端中未找到直接实现，不代表已证明缺失。,2026-09-16,ed2f321106433943f2eb1e9c0212de9c37d335ad
328,时间序列,ETS指数平滑状态空间模型,Estimator,Time-series Model,Model Node,P1,timeseries.ets,ETS指数平滑状态空间模型,,时间序列,Estimator,独立节点,初步映射（范围需细化）,,,,未定位（本轮检索）,,未发现对应内置节点,,无直接节点入口,未核对,未定位专用报告入口,未执行,新增（先确认算法与产品范围）,B4,时间顺序、滞后、对齐与模型结果,明确ETS指数平滑状态空间模型的输入设计、参数、输出与参考实现后开发。,ETS 模型族及选择规则需明确，与 126/329 保留范围关系。,未定位仅表示本轮在宿主 SCI/Runtime/目录/执行及相关前端中未找到直接实现，不代表已证明缺失。,2026-09-16,ed2f321106433943f2eb1e9c0212de9c37d335ad
329,时间序列,Holt–Winters,Estimator,Time-series Model,Model Node,P1,timeseries.holt_winters,Holt–Winters,,时间序列,Estimator,独立节点,初步归类,,,,未定位（本轮检索）,,未发现对应内置节点,,无直接节点入口,未核对,未定位专用报告入口,未执行,新增（先确认算法与产品范围）,B4,时间顺序、滞后、对齐与模型结果,明确Holt–Winters的输入设计、参数、输出与参考实现后开发。,,未定位仅表示本轮在宿主 SCI/Runtime/目录/执行及相关前端中未找到直接实现，不代表已证明缺失。,2026-09-16,ed2f321106433943f2eb1e9c0212de9c37d335ad
330,时间序列,VECM向量误差修正模型,Estimator,Time-series Model,Model Node,P1,timeseries.vecm,VECM向量误差修正模型,,时间序列,Estimator,独立节点,有源码对应（范围见备注）,,yssbi.statistics.vec.fit,,实现存在（静态）,src-tauri/crates/yss-sci/src/ts/vec/estimate.rs;src-tauri/crates/yss-sci-runtime/src/time_series/models.rs,定义存在,yssbi.statistics.vec.fit,未注册,需核对传参与默认值,报告定义/组件存在；执行待接入,未执行,补接/重构,B4,时间顺序、滞后、对齐与模型结果,复核备注中的实现范围，贯通参数与结果；按批次补接节点并运行验收。,,VECM 实现与节点定义存在；结果查询与配置需贯通。,2026-09-16,ed2f321106433943f2eb1e9c0212de9c37d335ad
331,时间序列,脉冲响应IRF,Post-estimation,Dynamic Analysis,Post-estimation Node,P1,timeseries.irf,脉冲响应IRF,,时间序列,Post-estimation,估计后能力/节点,有源码对应（范围见备注）,,,yssbi.statistics.var.summary,实现存在（静态）,src-tauri/crates/yss-sci/src/ts/var/estimate.rs:283,未发现对应内置节点,,无直接节点；已有能力范围见备注,需核对传参与默认值,报告定义/组件存在；执行待接入,未执行,复用已有能力并补入口,B4,时间顺序、滞后、对齐与模型结果,复核备注中的实现范围，贯通参数与结果；按批次补接节点并运行验收。,已有 VAR 正交脉冲响应；识别方式、顺序及置信区间需要明确。,已定位正交 IRF 点估计；置信区间及其他识别方式需单独核对。,2026-09-16,ed2f321106433943f2eb1e9c0212de9c37d335ad
332,时间序列,FEVD预测误差方差分解,Post-estimation,Dynamic Analysis,Post-estimation Node,P1,timeseries.fevd,预测误差方差分解（FEVD）,方差分解;FEVD,时间序列,Post-estimation,估计后能力/节点,有源码对应（范围见备注）,124,,yssbi.statistics.var.summary,实现存在（静态）,src-tauri/crates/yss-sci/src/ts/var/estimate.rs:295,未发现对应内置节点,,无直接节点；已有能力范围见备注,需核对传参与默认值,报告定义/组件存在；执行待接入,未执行,整理关联/候选合并;复用已有能力并补入口,B4,时间顺序、滞后、对齐与模型结果,复核备注中的实现范围，贯通参数与结果；按批次补接节点并运行验收。,与 124 暂合并；当前实现是 VAR 结果中的 FEVD。,FEVD 嵌入 VAR 结果；124 和 332 建议采用同一方法入口。,2026-09-16,ed2f321106433943f2eb1e9c0212de9c37d335ad
333,时间序列,GARCH,Estimator,Time-series Model,Model Node,P1,timeseries.garch,GARCH,,时间序列,Estimator,独立节点,初步归类,,,,未定位（本轮检索）,,未发现对应内置节点,,无直接节点入口,未核对,未定位专用报告入口,未执行,新增（先确认算法与产品范围）,B4,时间顺序、滞后、对齐与模型结果,明确GARCH的输入设计、参数、输出与参考实现后开发。,,未定位仅表示本轮在宿主 SCI/Runtime/目录/执行及相关前端中未找到直接实现，不代表已证明缺失。,2026-09-16,ed2f321106433943f2eb1e9c0212de9c37d335ad
334,时间序列,EGARCH,Estimator,Time-series Model,Model Node,P1,timeseries.egarch,EGARCH,,时间序列,Estimator,独立节点,初步归类,,,,未定位（本轮检索）,,未发现对应内置节点,,无直接节点入口,未核对,未定位专用报告入口,未执行,新增（先确认算法与产品范围）,B4,时间顺序、滞后、对齐与模型结果,明确EGARCH的输入设计、参数、输出与参考实现后开发。,,未定位仅表示本轮在宿主 SCI/Runtime/目录/执行及相关前端中未找到直接实现，不代表已证明缺失。,2026-09-16,ed2f321106433943f2eb1e9c0212de9c37d335ad
335,时间序列,GJR-GARCH,Estimator,Time-series Model,Model Node,P1,timeseries.gjr_garch,GJR-GARCH,,时间序列,Estimator,独立节点,初步归类,,,,未定位（本轮检索）,,未发现对应内置节点,,无直接节点入口,未核对,未定位专用报告入口,未执行,新增（先确认算法与产品范围）,B4,时间顺序、滞后、对齐与模型结果,明确GJR-GARCH的输入设计、参数、输出与参考实现后开发。,,未定位仅表示本轮在宿主 SCI/Runtime/目录/执行及相关前端中未找到直接实现，不代表已证明缺失。,2026-09-16,ed2f321106433943f2eb1e9c0212de9c37d335ad
336,Meta分析,固定效应Meta分析,Estimator,Meta-analysis Estimator,Model Node,P1,meta.fixed_effect,固定效应Meta分析,,Meta分析,Estimator,独立节点,初步映射（范围需细化）,,,,未定位（本轮检索）,,未发现对应内置节点,,无直接节点入口,未核对,未定位专用报告入口,未执行,新增（先确认算法与产品范围）,B5,研究级效应量、方差和合并方法,明确固定效应Meta分析的输入设计、参数、输出与参考实现后开发。,固定效应指 Meta 合并模型，与面板 FE 不合并。,未定位仅表示本轮在宿主 SCI/Runtime/目录/执行及相关前端中未找到直接实现，不代表已证明缺失。,2026-09-16,ed2f321106433943f2eb1e9c0212de9c37d335ad
337,Meta分析,随机效应Meta分析,Estimator,Meta-analysis Estimator,Model Node,P1,meta.random_effect,随机效应Meta分析,,Meta分析,Estimator,独立节点,初步映射（范围需细化）,,,,未定位（本轮检索）,,未发现对应内置节点,,无直接节点入口,未核对,未定位专用报告入口,未执行,新增（先确认算法与产品范围）,B5,研究级效应量、方差和合并方法,明确随机效应Meta分析的输入设计、参数、输出与参考实现后开发。,随机效应指 Meta 研究间效应模型，与面板 RE/LMM 不合并。,未定位仅表示本轮在宿主 SCI/Runtime/目录/执行及相关前端中未找到直接实现，不代表已证明缺失。,2026-09-16,ed2f321106433943f2eb1e9c0212de9c37d335ad
338,Meta分析,Cochran Q异质性检验,Test,Nonparametric Test,Test Node,P1,meta.cochran_q,Cochran Q异质性检验,,Meta分析,Test,独立节点,初步映射（范围需细化）,,,,未定位（本轮检索）,,未发现对应内置节点,,无直接节点入口,未核对,未定位专用报告入口,未执行,新增（先确认算法与产品范围）,B5,研究级效应量、方差和合并方法,明确Cochran Q异质性检验的输入设计、参数、输出与参考实现后开发。,Cochran Q 异质性检验与重复二分类样本 Cochran Q（77）不同。,未定位仅表示本轮在宿主 SCI/Runtime/目录/执行及相关前端中未找到直接实现，不代表已证明缺失。,2026-09-16,ed2f321106433943f2eb1e9c0212de9c37d335ad
339,Meta分析,I²异质性统计量,Diagnostic,Meta Diagnostics,Diagnostic Node,P1,meta.i_squared,I²异质性统计量,,Meta分析,Diagnostic,结果指标/推断选项,初步映射（范围需细化）,,,,未定位（本轮检索）,,未发现对应内置节点,,无直接节点入口,未核对,未定位专用报告入口,未执行,明确产品形态后复用/新增,B5,研究级效应量、方差和合并方法,明确I²异质性统计量的输入设计、参数、输出与参考实现后开发。,I² 是 Meta 诊断指标，和模型计算结果一起交付。,未定位仅表示本轮在宿主 SCI/Runtime/目录/执行及相关前端中未找到直接实现，不代表已证明缺失。,2026-09-16,ed2f321106433943f2eb1e9c0212de9c37d335ad
340,Meta分析,τ²研究间方差,Diagnostic,Meta Diagnostics,Diagnostic Node,P1,meta.tau_squared,τ²研究间方差,,Meta分析,Diagnostic,结果指标/推断选项,初步映射（范围需细化）,,,,未定位（本轮检索）,,未发现对应内置节点,,无直接节点入口,未核对,未定位专用报告入口,未执行,明确产品形态后复用/新增,B5,研究级效应量、方差和合并方法,明确τ²研究间方差的输入设计、参数、输出与参考实现后开发。,τ² 的估计方法和不确定性范围需声明。,未定位仅表示本轮在宿主 SCI/Runtime/目录/执行及相关前端中未找到直接实现，不代表已证明缺失。,2026-09-16,ed2f321106433943f2eb1e9c0212de9c37d335ad
341,Meta分析,Meta回归,Estimator,Meta-analysis Estimator,Model Node,P1,meta.regression,Meta回归,,Meta分析,Estimator,独立节点,初步归类,,,,未定位（本轮检索）,,未发现对应内置节点,,无直接节点入口,未核对,未定位专用报告入口,未执行,新增（先确认算法与产品范围）,B5,研究级效应量、方差和合并方法,明确Meta回归的输入设计、参数、输出与参考实现后开发。,,未定位仅表示本轮在宿主 SCI/Runtime/目录/执行及相关前端中未找到直接实现，不代表已证明缺失。,2026-09-16,ed2f321106433943f2eb1e9c0212de9c37d335ad
342,Meta分析,漏斗图,Visualization,Model/Result Plot,Visualization Node,P1,plot.funnel,漏斗图,,Meta分析,Visualization,绘图节点,初步归类,,,,未定位（本轮检索）,,未发现对应内置节点,,无直接节点入口,未核对,未定位专用报告入口,未执行,新增（先确认算法与产品范围）,B5,研究级效应量、方差和合并方法,明确漏斗图的输入设计、参数、输出与参考实现后开发。,,未定位仅表示本轮在宿主 SCI/Runtime/目录/执行及相关前端中未找到直接实现，不代表已证明缺失。,2026-09-16,ed2f321106433943f2eb1e9c0212de9c37d335ad
343,Meta分析,Egger检验,Test,Hypothesis Test,Test Node,P1,meta.egger,Egger检验,,Meta分析,Test,独立节点,初步归类,,,,未定位（本轮检索）,,未发现对应内置节点,,无直接节点入口,未核对,未定位专用报告入口,未执行,新增（先确认算法与产品范围）,B5,研究级效应量、方差和合并方法,明确Egger检验的输入设计、参数、输出与参考实现后开发。,,未定位仅表示本轮在宿主 SCI/Runtime/目录/执行及相关前端中未找到直接实现，不代表已证明缺失。,2026-09-16,ed2f321106433943f2eb1e9c0212de9c37d335ad
344,Meta分析,Begg检验,Test,Hypothesis Test,Test Node,P1,meta.begg,Begg检验,,Meta分析,Test,独立节点,初步归类,,,,未定位（本轮检索）,,未发现对应内置节点,,无直接节点入口,未核对,未定位专用报告入口,未执行,新增（先确认算法与产品范围）,B5,研究级效应量、方差和合并方法,明确Begg检验的输入设计、参数、输出与参考实现后开发。,,未定位仅表示本轮在宿主 SCI/Runtime/目录/执行及相关前端中未找到直接实现，不代表已证明缺失。,2026-09-16,ed2f321106433943f2eb1e9c0212de9c37d335ad
345,Meta分析,Leave-one-out分析,Post-estimation,Sensitivity/Subgroup,Post-estimation Node,P1,meta.leave_one_out,Leave-one-out分析,,Meta分析,Post-estimation,工作流模板,初步映射（范围需细化）,,,,未定位（本轮检索）,,未发现对应内置节点,,无直接节点入口,未核对,未定位专用报告入口,未执行,明确产品形态后复用/新增,B5,研究级效应量、方差和合并方法,明确Leave-one-out分析的输入设计、参数、输出与参考实现后开发。,删一分析复用 Meta 拟合，和 346 的敏感性模板保持关系。,未定位仅表示本轮在宿主 SCI/Runtime/目录/执行及相关前端中未找到直接实现，不代表已证明缺失。,2026-09-16,ed2f321106433943f2eb1e9c0212de9c37d335ad
346,Meta分析,Meta敏感性分析,Post-estimation,Sensitivity/Subgroup,Post-estimation Node,P1,meta.sensitivity,Meta敏感性分析,,Meta分析,Post-estimation,工作流模板,初步映射（范围需细化）,,,,未定位（本轮检索）,,未发现对应内置节点,,无直接节点入口,未核对,未定位专用报告入口,未执行,明确产品形态后复用/新增,B5,研究级效应量、方差和合并方法,明确Meta敏感性分析的输入设计、参数、输出与参考实现后开发。,明确逐研究剔除、模型切换或其他敏感性场景。,未定位仅表示本轮在宿主 SCI/Runtime/目录/执行及相关前端中未找到直接实现，不代表已证明缺失。,2026-09-16,ed2f321106433943f2eb1e9c0212de9c37d335ad
347,功效与样本量,ANOVA样本量/功效,Estimator,Power/Sample Size,Analysis Node,P1,power.anova,ANOVA样本量/功效,,功效与样本量,Estimator,独立节点,初步归类,,,,未定位（本轮检索）,,未发现对应内置节点,,无直接节点入口,未核对,未定位专用报告入口,未执行,新增（先确认算法与产品范围）,B5,效应量、显著性水平、目标功效与设计,明确 ANOVA样本量/功效 的目标设计、效应量和求解变量，确定公式/参考实现后开发。,,未定位仅表示本轮在宿主 SCI/Runtime/目录/执行及相关前端中未找到直接实现，不代表已证明缺失。,2026-09-16,ed2f321106433943f2eb1e9c0212de9c37d335ad
348,功效与样本量,Logistic回归样本量/功效,Estimator,Power/Sample Size,Analysis Node,P1,power.logistic,Logistic回归样本量/功效,,功效与样本量,Estimator,独立节点,初步归类,,,,未定位（本轮检索）,,未发现对应内置节点,,无直接节点入口,未核对,未定位专用报告入口,未执行,新增（先确认算法与产品范围）,B5,效应量、显著性水平、目标功效与设计,明确 Logistic回归样本量/功效 的目标设计、效应量和求解变量，确定公式/参考实现后开发。,,未定位仅表示本轮在宿主 SCI/Runtime/目录/执行及相关前端中未找到直接实现，不代表已证明缺失。,2026-09-16,ed2f321106433943f2eb1e9c0212de9c37d335ad
349,功效与样本量,Cox回归样本量/功效,Estimator,Power/Sample Size,Analysis Node,P1,power.cox,Cox回归样本量/功效,,功效与样本量,Estimator,独立节点,初步归类,,,,未定位（本轮检索）,,未发现对应内置节点,,无直接节点入口,未核对,未定位专用报告入口,未执行,新增（先确认算法与产品范围）,B5,效应量、显著性水平、目标功效与设计,明确 Cox回归样本量/功效 的目标设计、效应量和求解变量，确定公式/参考实现后开发。,,未定位仅表示本轮在宿主 SCI/Runtime/目录/执行及相关前端中未找到直接实现，不代表已证明缺失。,2026-09-16,ed2f321106433943f2eb1e9c0212de9c37d335ad
350,功效与样本量,Log-rank样本量/功效,Estimator,Power/Sample Size,Analysis Node,P1,power.logrank,Log-rank样本量/功效,,功效与样本量,Estimator,独立节点,初步归类,,,,未定位（本轮检索）,,未发现对应内置节点,,无直接节点入口,未核对,未定位专用报告入口,未执行,新增（先确认算法与产品范围）,B5,效应量、显著性水平、目标功效与设计,明确 Log-rank样本量/功效 的目标设计、效应量和求解变量，确定公式/参考实现后开发。,,未定位仅表示本轮在宿主 SCI/Runtime/目录/执行及相关前端中未找到直接实现，不代表已证明缺失。,2026-09-16,ed2f321106433943f2eb1e9c0212de9c37d335ad
351,功效与样本量,比例差样本量/功效,Estimator,Power/Sample Size,Analysis Node,P1,power.proportion_difference,比例差样本量/功效,,功效与样本量,Estimator,独立节点,初步归类,,,,未定位（本轮检索）,,未发现对应内置节点,,无直接节点入口,未核对,未定位专用报告入口,未执行,新增（先确认算法与产品范围）,B5,效应量、显著性水平、目标功效与设计,明确 比例差样本量/功效 的目标设计、效应量和求解变量，确定公式/参考实现后开发。,,未定位仅表示本轮在宿主 SCI/Runtime/目录/执行及相关前端中未找到直接实现，不代表已证明缺失。,2026-09-16,ed2f321106433943f2eb1e9c0212de9c37d335ad
352,功效与样本量,配对设计样本量/功效,Estimator,Power/Sample Size,Analysis Node,P1,power.paired,配对设计样本量/功效,,功效与样本量,Estimator,独立节点,初步归类,,,,未定位（本轮检索）,,未发现对应内置节点,,无直接节点入口,未核对,未定位专用报告入口,未执行,新增（先确认算法与产品范围）,B5,效应量、显著性水平、目标功效与设计,明确 配对设计样本量/功效 的目标设计、效应量和求解变量，确定公式/参考实现后开发。,,未定位仅表示本轮在宿主 SCI/Runtime/目录/执行及相关前端中未找到直接实现，不代表已证明缺失。,2026-09-16,ed2f321106433943f2eb1e9c0212de9c37d335ad
353,功效与样本量,整群随机试验样本量/功效,Estimator,Power/Sample Size,Analysis Node,P1,power.cluster_randomized,整群随机试验样本量/功效,,功效与样本量,Estimator,独立节点,初步归类,,,,未定位（本轮检索）,,未发现对应内置节点,,无直接节点入口,未核对,未定位专用报告入口,未执行,新增（先确认算法与产品范围）,B5,效应量、显著性水平、目标功效与设计,明确 整群随机试验样本量/功效 的目标设计、效应量和求解变量，确定公式/参考实现后开发。,,未定位仅表示本轮在宿主 SCI/Runtime/目录/执行及相关前端中未找到直接实现，不代表已证明缺失。,2026-09-16,ed2f321106433943f2eb1e9c0212de9c37d335ad
354,功效与样本量,非劣效性样本量/功效,Estimator,Power/Sample Size,Analysis Node,P1,power.noninferiority,非劣效性样本量/功效,,功效与样本量,Estimator,独立节点,初步归类,,,,未定位（本轮检索）,,未发现对应内置节点,,无直接节点入口,未核对,未定位专用报告入口,未执行,新增（先确认算法与产品范围）,B5,效应量、显著性水平、目标功效与设计,明确 非劣效性样本量/功效 的目标设计、效应量和求解变量，确定公式/参考实现后开发。,,未定位仅表示本轮在宿主 SCI/Runtime/目录/执行及相关前端中未找到直接实现，不代表已证明缺失。,2026-09-16,ed2f321106433943f2eb1e9c0212de9c37d335ad
355,功效与样本量,等效性样本量/功效,Estimator,Power/Sample Size,Analysis Node,P1,power.equivalence,等效性样本量/功效,,功效与样本量,Estimator,独立节点,初步归类,,,,未定位（本轮检索）,,未发现对应内置节点,,无直接节点入口,未核对,未定位专用报告入口,未执行,新增（先确认算法与产品范围）,B5,效应量、显著性水平、目标功效与设计,明确 等效性样本量/功效 的目标设计、效应量和求解变量，确定公式/参考实现后开发。,,未定位仅表示本轮在宿主 SCI/Runtime/目录/执行及相关前端中未找到直接实现，不代表已证明缺失。,2026-09-16,ed2f321106433943f2eb1e9c0212de9c37d335ad
